#TF	symbol	PWM	PWMsource	PWMref
AT1G01030	NGA3	PWM1179	CisBP	M0078_1.01
AT1G01060	LHY	PWM1020	CisBP	M1267_1.01
AT1G01060	LHY	PWM3338	DAP-seq	LHY1_col
AT1G01060	LHY	PWM634	AthaMAP	T08584
AT1G01250	AT1G01250	PWM1483	CisBP	M0072_1.01
AT1G01250	AT1G01250	PWM2735	DAP-seq	AT1G01250_col
AT1G01260	JAM2	PWM2557	JASPAR	MA0958.1
AT1G01260	JAM2	PWM897	CisBP	M0149_1.01
AT1G01520	ASG4	PWM1198	CisBP	M1205_1.01
AT1G01720	ANAC002	PWM2696	UNIPROBE	UP00573
AT1G01720	ANAC002	PWM2697	UNIPROBE	UP00573
AT1G01720	ANAC002	PWM3399	DAP-seq	ATAF1_col
AT1G02030	AT1G02030	PWM1035	CisBP	M0352_1.01
AT1G02040	AT1G02040	PWM1584	PBM	
AT1G02065	SPL8	PWM1361	CisBP	M2241_1.01
AT1G02065	SPL8	PWM1362	CisBP	M2241_1.01
AT1G02065	SPL8	PWM2177	JASPAR	MA0578.1
AT1G02230	ANAC004	PWM3347	DAP-seq	ANAC004_col
AT1G02250	anac005	PWM3349	DAP-seq	ANAC005_col
AT1G03040	AT1G03040	PWM1022	CisBP	M0247_1.01
AT1G03800	ATERF10	PWM1321	CisBP	M0009_1.01
AT1G03800	ATERF10	PWM2809	DAP-seq	ERF10_col
AT1G03840	MGP	PWM1449	CisBP	M1810_1.01
AT1G03840	MGP	PWM3048	DAP-seq	MGP_col
AT1G03970	GBF4	PWM994	CisBP	M0319_1.01
AT1G04370	ATERF14	PWM875	CisBP	M0037_1.01
AT1G04880	AT1G04880	PWM2864	DAP-seq	AT1G04880_col
AT1G05230	HDG2	PWM1127	CisBP	M0768_1.01
AT1G05805	AKS2	PWM1527	CisBP	M0226_1.01
AT1G06070	AT1G06070	PWM1267	CisBP	M0258_1.01
AT1G06070	AT1G06070	PWM2928	DAP-seq	BZIP69_col
AT1G06160	ORA59	PWM1333	CisBP	M0005_1.01
AT1G06160	ORA59	PWM2645	JASPAR	MA1049.1
AT1G06180	ATMYB13	PWM3236	DAP-seq	MYB13_col
AT1G06280	LBD2	PWM3196	DAP-seq	LBD2_col
AT1G06850	AtbZIP52	PWM2923	DAP-seq	BZIP52_col
AT1G07640	OBP2	PWM707	AGRIS	
AT1G08000	GATA10	PWM2610	JASPAR	MA1013.1
AT1G08000	GATA10	PWM914	CisBP	M0679_1.01
AT1G08010	GATA11	PWM1547	CisBP	M0680_1.01
AT1G08010	GATA11	PWM2611	JASPAR	MA1014.1
AT1G08010	GATA11	PWM3003	DAP-seq	GATA11_col
AT1G08320	bZIP21	PWM1405	CisBP	M0261_1.01
AT1G08320	bZIP21	PWM2950	DAP-seq	TGA9_col
AT1G08810	AtMYB60	PWM1117	CisBP	M1231_1.01
AT1G08810	AtMYB60	PWM3269	DAP-seq	MYB60_col
AT1G09030	NF-YB4	PWM3074	DAP-seq	NFYB4_col
AT1G09530	PAP3	PWM1019	CisBP	M2223_1.01
AT1G09530	PAP3	PWM1305	CisBP	M2733_1.01
AT1G09530	PAP3	PWM1609	PBM	
AT1G09530	PAP3	PWM2160	JASPAR	MA0560.1
AT1G09530	PAP3	PWM829	AthaMAP	T04492
AT1G09530	PAP3	PWM841	CisBP	M2732_1.01
AT1G09530	PAP3	PWM962	AthaMAP	T04492
AT1G09540	ATMYB61	PWM118	AthaMAP	
AT1G09540	ATMYB61	PWM3270	DAP-seq	MYB61_col
AT1G09770	ATCDC5	PWM1062	CisBP	M2569_1.01
AT1G09770	ATCDC5	PWM1311	CisBP	M2242_1.01
AT1G09770	ATCDC5	PWM2178	JASPAR	MA0579.1
AT1G10120	AT1G10120	PWM1338	CisBP	M0249_1.01
AT1G10120	AT1G10120	PWM2891	DAP-seq	BHLH74_col
AT1G10480	ZFP5	PWM1153	CisBP	M0349_1.01
AT1G10720	AT1G10720	PWM2902	DAP-seq	AT1G10720_col
AT1G12260	ANAC007	PWM1187	CisBP	M1313_1.01
AT1G12260	ANAC007	PWM3429	DAP-seq	VND4_col
AT1G12610	DDF1	PWM1566	PBM	
AT1G12610	DDF1	PWM2791	DAP-seq	DDF1_col
AT1G12630	AT1G12630	PWM2737	DAP-seq	AT1G12630_col
AT1G12980	DRN	PWM870	CisBP	M0004_1.01
AT1G13260	EDF4	PWM1067	CisBP	M0078_1.01
AT1G13260	EDF4	PWM1234	CisBP	M2736_1.01
AT1G13260	EDF4	PWM1398	CisBP	M2245_1.01
AT1G13260	EDF4	PWM1470	CisBP	M2737_1.01
AT1G13260	EDF4	PWM1482	CisBP	M2246_1.01
AT1G13260	EDF4	PWM1496	CisBP	M0077_1.01
AT1G13260	EDF4	PWM2181	JASPAR	MA0582.1
AT1G13260	EDF4	PWM2182	JASPAR	MA0583.1
AT1G13260	EDF4	PWM3444	DAP-seq	RAV1_col
AT1G13260	EDF4	PWM642	AGRIS	
AT1G13260	EDF4	PWM853	AthaMAP	T02637
AT1G13260	EDF4	PWM856	AthaMAP	T02637
AT1G13300	HRS1	PWM1205	CisBP	M1217_1.01
AT1G13300	HRS1	PWM3095	DAP-seq	AT1G13300_col
AT1G13400	JGL	PWM3046	DAP-seq	JGL_col
AT1G13450	GT-1	PWM1376	CisBP	M1180_1.01
AT1G13450	GT-1	PWM142	AthaMAP	T04454
AT1G13450	GT-1	PWM2617	JASPAR	MA1020.1
AT1G13450	GT-1	PWM3506	DAP-seq	GT1_col
AT1G13450	GT-1	PWM384	AthaMAP	T04454
AT1G13450	GT-1	PWM563	AthaMAP	T04454
AT1G13960	WRKY4	PWM1279	CisBP	M1571_1.01
AT1G14580	AT1G14580	PWM1450	CisBP	M1810_1.01
AT1G14580	AT1G14580	PWM3023	DAP-seq	AT1G14580_col
AT1G14687	AtHB32	PWM3579	DAP-seq	ATHB32_col
AT1G14900	HMGA	PWM1301	CisBP	M0118_1.01
AT1G15360	AtSHN1	PWM885	CisBP	M0006_1.01
AT1G15720	TRFL5	PWM823	CisBP	M1218_1.01
AT1G16060	ADAP	PWM1155	CisBP	M2234_1.01
AT1G16490	ATMYB58	PWM3267	DAP-seq	MYB58_col
AT1G16530	ASL9	PWM1045	CisBP	M1178_1.01
AT1G17920	HDG12	PWM975	CisBP	M0758_1.01
AT1G17950	ATMYB52	PWM1123	PBM	
AT1G17950	ATMYB52	PWM1550	PBM	
AT1G17950	ATMYB52	PWM3261	DAP-seq	MYB52_col
AT1G18330	EPR1	PWM3334	DAP-seq	EPR1_col
AT1G18330	EPR1	PWM958	CisBP	M1219_1.01
AT1G18400	BEE1	PWM929	CisBP	M0165_1.01
AT1G18570	AtMYB51	PWM3260	DAP-seq	MYB51_col
AT1G18860	ATWRKY61	PWM1324	CisBP	M1561_1.01
AT1G18960	AT1G18960	PWM3300	DAP-seq	AT1G18960_col
AT1G19000	At1g19000	PWM3301	DAP-seq	AT1G19000_col
AT1G19000	At1g19000	PWM927	CisBP	M1220_1.01
AT1G19040	AT1G19040	PWM3397	DAP-seq	AT1G19040_col
AT1G19210	At1g19210	PWM1379	CisBP	M0014_1.01
AT1G19210	At1g19210	PWM2739	DAP-seq	AT1G19210_col
AT1G19220	ARF11	PWM1249	CisBP	M0147_1.01
AT1G19350	BES1	PWM1485	CisBP	M2212_1.01
AT1G19350	BES1	PWM2149	JASPAR	MA0549.1
AT1G19485	AT1G19485	PWM1433	CisBP	M0119_1.01
AT1G19790	SRS7	PWM3466	DAP-seq	SRS7_col
AT1G19850	ARF5	PWM1250	CisBP	M0147_1.01
AT1G19850	ARF5	PWM2542	JASPAR	MA0943.1
AT1G19850	ARF5	PWM2861	DAP-seq	MP_col
AT1G20640	NLP4	PWM3439	DAP-seq	ATNLP4_col
AT1G20700	ATWOX14	PWM1308	CisBP	M1116_1.01
AT1G20710	WOX10	PWM1309	CisBP	M1116_1.01
AT1G20910	AT1G20910	PWM2866	DAP-seq	AT1G20910_col
AT1G20980	ATSPL14	PWM2185	JASPAR	MA0586.1
AT1G20980	ATSPL14	PWM3455	DAP-seq	SPL14_col
AT1G20980	ATSPL14	PWM858	CisBP	M1438_1.01
AT1G20980	ATSPL14	PWM947	CisBP	M2249_1.01
AT1G21910	DREB26	PWM2802	DAP-seq	DREB26_col
AT1G22070	TGA3	PWM2943	DAP-seq	TGA3_col
AT1G22190	RAP2.4	PWM1007	CisBP	M0016_1.01
AT1G22640	ATMYB3	PWM1105	CisBP	M1221_1.01
AT1G22640	ATMYB3	PWM2634	JASPAR	MA1038.1
AT1G22640	ATMYB3	PWM678	AGRIS	
AT1G22810	At1g22810	PWM2741	DAP-seq	AT1G22810_col
AT1G22985	CRF7	PWM1499	CisBP	M0007_1.01
AT1G22985	CRF7	PWM2595	JASPAR	MA0997.1
AT1G23380	KNAT6	PWM1403	CisBP	M0756_1.01
AT1G23420	INO	PWM1245	CisBP	M1452_1.01
AT1G23810	AT1G23810	PWM3440	DAP-seq	AT1G23810_col
AT1G24250	AT1G24250	PWM3441	DAP-seq	AT1G24250_col
AT1G24260	AGL9	PWM2163	JASPAR	MA0563.1
AT1G24260	AGL9	PWM983	CisBP	M2226_1.01
AT1G24590	DRNL	PWM1518	CisBP	M0022_1.01
AT1G25330	CES	PWM1339	CisBP	M0249_1.01
AT1G25340	AtMYB116	PWM3229	DAP-seq	MYB116_col
AT1G25550	At1g25550	PWM1334	CisBP	M1222_1.01
AT1G25550	At1g25550	PWM3096	DAP-seq	AT1G25550_col
AT1G25560	AtTEM1	PWM1271	CisBP	M0008_1.01
AT1G26260	CIB5	PWM1340	CisBP	M0249_1.01
AT1G26960	AtHB23	PWM3573	DAP-seq	ATHB23_col
AT1G26960	AtHB23	PWM968	CisBP	M1802_1.01
AT1G27360	SPL11	PWM2652	JASPAR	MA1056.1
AT1G27360	SPL11	PWM3453	DAP-seq	SPL11_col
AT1G27360	SPL11	PWM850	CisBP	M1439_1.01
AT1G27370	SPL10	PWM851	CisBP	M1439_1.01
AT1G27730	STZ	PWM1074	CisBP	M0350_1.01
AT1G27730	STZ	PWM3056	DAP-seq	STZ_col
AT1G28160	AT1G28160	PWM2743	DAP-seq	AT1G28160_col
AT1G28300	LEC2	PWM1318	CisBP	M2244_1.01
AT1G28300	LEC2	PWM1525	CisBP	M0146_1.01
AT1G28300	LEC2	PWM1526	CisBP	M0146_1.01
AT1G28300	LEC2	PWM2180	JASPAR	MA0581.1
AT1G28360	ATERF12	PWM1543	CisBP	M0043_1.01
AT1G28370	ATERF11	PWM1322	CisBP	M0009_1.01
AT1G28370	ATERF11	PWM2599	JASPAR	MA1001.1
AT1G28370	ATERF11	PWM2813	DAP-seq	ERF11_col
AT1G28420	HB-1	PWM1142	CisBP	M0757_1.01
AT1G28470	ANAC010	PWM3422	DAP-seq	SND3_col
AT1G28520	ATVOZ1	PWM535	AGRIS	
AT1G29160	COG1	PWM1494	CisBP	M0571_1.01
AT1G29280	ATWRKY65	PWM1257	CisBP	M1548_1.01
AT1G29280	ATWRKY65	PWM3560	DAP-seq	WRKY65_col
AT1G29860	ATWRKY71	PWM1088	CisBP	M1568_1.01
AT1G29860	ATWRKY71	PWM3565	DAP-seq	WRKY71_col
AT1G30210	ATTCP24	PWM1206	CisBP	M1514_1.01
AT1G30210	ATTCP24	PWM3486	DAP-seq	TCP24_col
AT1G30330	ARF6	PWM1251	CisBP	M0147_1.01
AT1G30490	ATHB9	PWM1369	CisBP	M2533_1.01
AT1G30490	ATHB9	PWM2172	JASPAR	MA0573.1
AT1G30490	ATHB9	PWM3143	DAP-seq	PHV_col
AT1G30650	AR411	PWM1258	CisBP	M1548_1.01
AT1G30650	AR411	PWM3513	DAP-seq	WRKY14_col
AT1G31140	AGL63	PWM3208	DAP-seq	AGL63_col
AT1G31320	LBD4	PWM1046	CisBP	M1178_1.01
AT1G32150	AtbZIP68	PWM1236	CisBP	M0251_1.01
AT1G32150	AtbZIP68	PWM2567	JASPAR	MA0968.1
AT1G32150	AtbZIP68	PWM2927	DAP-seq	BZIP68_col
AT1G32240	KAN2	PWM1218	CisBP	M1242_1.01
AT1G32240	KAN2	PWM3122	DAP-seq	KAN2_col
AT1G32510	ANAC011	PWM3350	DAP-seq	ANAC011_col
AT1G32640	ATMYC2	PWM1290	CisBP	M0151_1.01
AT1G32640	ATMYC2	PWM1426	CisBP	M2229_1.01
AT1G32640	ATMYC2	PWM2166	JASPAR	MA0566.1
AT1G32640	ATMYC2	PWM507	AGRIS	
AT1G32640	ATMYC2	PWM571	AthaMAP	T05620
AT1G32640	ATMYC2	PWM622	AthaMAP	T05620
AT1G32770	ANAC012	PWM1274	CisBP	M1318_1.01
AT1G32770	ANAC012	PWM2712	UNIPROBE	UP00578
AT1G32770	ANAC012	PWM2713	UNIPROBE	UP00578
AT1G32870	ANAC013	PWM3351	DAP-seq	ANAC013_col
AT1G33060	ANAC014	PWM1475	CisBP	M1305_1.01
AT1G33240	ATGTL1	PWM3510	DAP-seq	GTL1_col
AT1G33280	ANAC015	PWM1275	CisBP	M1318_1.01
AT1G33760	AT1G33760	PWM935	CisBP	M0073_1.01
AT1G33760	AT1G33760	PWM936	CisBP	M0073_1.01
AT1G34180	anac016	PWM3353	DAP-seq	ANAC016_col
AT1G34190	anac017	PWM3355	DAP-seq	ANAC017_col
AT1G34370	AtSTOP1	PWM3054	DAP-seq	STOP1_col
AT1G34670	AtMYB93	PWM3292	DAP-seq	MYB93_col
AT1G35460	bHLH80	PWM1528	CisBP	M0226_1.01
AT1G35460	bHLH80	PWM2894	DAP-seq	BHLH80_col
AT1G35560	AtTCP23	PWM1595	PBM	
AT1G35560	AtTCP23	PWM2662	JASPAR	MA1066.1
AT1G36060	At1g36060	PWM1008	CisBP	M0016_1.01
AT1G36060	At1g36060	PWM2745	DAP-seq	AT1G36060_col
AT1G42990	ATBZIP60	PWM1447	PBM	
AT1G42990	ATBZIP60	PWM1600	PBM	
AT1G42990	ATBZIP60	PWM2566	JASPAR	MA0967.1
AT1G43160	RAP26	PWM1103	PBM	
AT1G43160	RAP26	PWM1203	PBM	
AT1G43160	RAP26	PWM1564	PBM	
AT1G43160	RAP26	PWM2648	JASPAR	MA1052.1
AT1G43160	RAP26	PWM2856	DAP-seq	RAP26_col
AT1G43700	SUE3	PWM2952	DAP-seq	VIP1_col
AT1G44830	AT1G44830	PWM2747	DAP-seq	AT1G44830_col
AT1G45249	ABF2	PWM1178	CisBP	M0252_1.01
AT1G45249	ABF2	PWM2540	JASPAR	MA0941.1
AT1G45249	ABF2	PWM2903	DAP-seq	ABF2_col
AT1G45249	ABF2	PWM654	AthaMAP	T03823
AT1G45249	ABF2	PWM655	AthaMAP	T03823
AT1G46264	AT-HSFB4	PWM3182	DAP-seq	HSFB4_col
AT1G46768	RAP21	PWM2854	DAP-seq	RAP21_col
AT1G47655	AT1G47655	PWM2966	DAP-seq	AT1G47655_col
AT1G47870	ATE2F2	PWM110	AthaMAP	T05360
AT1G47870	ATE2F2	PWM3089	DAP-seq	E2FC_col
AT1G47870	ATE2F2	PWM683	AthaMAP	T05360
AT1G47870	ATE2F2	PWM699	AthaMAP	T05360
AT1G47870	ATE2F2	PWM757	AthaMAP	T05360
AT1G47870	ATE2F2	PWM780	AthaMAP	T05360
AT1G48610	AT1G48610	PWM942	CisBP	M0142_1.01
AT1G49010	At1g49010	PWM3303	DAP-seq	AT1G49010_col
AT1G49480	REM19	PWM3446	DAP-seq	REM19_col
AT1G49560	AT1G49560	PWM3098	DAP-seq	AT1G49560_col
AT1G49720	ABF1	PWM1495	CisBP	M2233_1.01
AT1G49720	ABF1	PWM2170	JASPAR	MA0570.1
AT1G49720	ABF1	PWM326	AGRIS	
AT1G49720	ABF1	PWM974	CisBP	M0254_1.01
AT1G50640	ATERF3	PWM217	AthaMAP	T04635
AT1G50640	ATERF3	PWM2602	JASPAR	MA1005.1
AT1G50640	ATERF3	PWM2823	DAP-seq	ERF3_col
AT1G50640	ATERF3	PWM521	AthaMAP	T04635
AT1G50640	ATERF3	PWM56	AthaMAP	T04635
AT1G50640	ATERF3	PWM71	AthaMAP	T04635
AT1G50640	ATERF3	PWM730	AthaMAP	T04635
AT1G50640	ATERF3	PWM997	CisBP	M0011_1.01
AT1G50680	AT1G50680	PWM1169	CisBP	M0079_1.01
AT1G51070	bHLH115	PWM1480	CisBP	M0156_1.01
AT1G51120	AT1G51120	PWM1170	CisBP	M0079_1.01
AT1G51140	AKS1	PWM1529	CisBP	M0226_1.01
AT1G51140	AKS1	PWM2880	DAP-seq	BHLH122_col
AT1G51220	AtWIP5	PWM3059	DAP-seq	WIP5_col
AT1G51600	GATA28	PWM1412	CisBP	M0681_1.01
AT1G51600	GATA28	PWM243	AthaMAP	
AT1G51600	GATA28	PWM3020	DAP-seq	ZML2_col
AT1G51700	Adof1	PWM2964	DAP-seq	ADOF1_col
AT1G52150	ATHB15	PWM1457	CisBP	M2236_1.01
AT1G52150	ATHB15	PWM1575	PBM	
AT1G52150	ATHB15	PWM2623	JASPAR	MA1026.1
AT1G52150	ATHB15	PWM3131	DAP-seq	ATHB15_col
AT1G52880	ANAC018	PWM1461	CisBP	M1302_1.01
AT1G52880	ANAC018	PWM3408	DAP-seq	NAM_col
AT1G52880	ANAC018	PWM380	AthaMAP	T05781
AT1G52890	ANAC019	PWM2694	UNIPROBE	UP00570
AT1G52890	ANAC019	PWM2695	UNIPROBE	UP00570
AT1G52890	ANAC019	PWM346	AthaMAP	T06866
AT1G53160	FTM6	PWM1063	CisBP	M1440_1.01
AT1G53160	FTM6	PWM1064	CisBP	M1440_1.01
AT1G53160	FTM6	PWM183	AthaMAP	T05277
AT1G53160	FTM6	PWM2654	JASPAR	MA1058.1
AT1G53160	FTM6	PWM789	AthaMAP	T05277
AT1G53170	ATERF8	PWM1465	CisBP	M0012_1.01
AT1G53170	ATERF8	PWM2592	JASPAR	MA0994.1
AT1G53170	ATERF8	PWM2835	DAP-seq	ERF8_col
AT1G53230	TCP3	PWM1520	CisBP	M1515_1.01
AT1G53230	TCP3	PWM3488	DAP-seq	TCP3_col
AT1G53910	RAP212	PWM1149	CisBP	M0021_1.01
AT1G53910	RAP212	PWM2853	DAP-seq	RAP212_col
AT1G54060	ASIL1	PWM1003	CisBP	M1492_1.01
AT1G54330	ANAC020	PWM3357	DAP-seq	ANAC020_col
AT1G55110	AtIDD7	PWM1451	CisBP	M1810_1.01
AT1G55110	AtIDD7	PWM3045	DAP-seq	IDD7_col
AT1G55520	ATTBP2	PWM955	CisBP	M1512_1.01
AT1G55600	ATWRKY10	PWM1097	CisBP	M1550_1.01
AT1G59560	DAL2	PWM1578	PBM	
AT1G59560	DAL2	PWM3458	DAP-seq	SPL1_col
AT1G59560	DAL2	PWM849	PBM	
AT1G59640	bHLH31	PWM2886	DAP-seq	BHLH31_col
AT1G59640	bHLH31	PWM826	CisBP	M0152_1.01
AT1G59750	ARF1	PWM2541	JASPAR	MA0942.1
AT1G59750	ARF1	PWM410	AGRIS	
AT1G60920	AGL55	PWM3207	DAP-seq	AGL55_col
AT1G61110	anac025	PWM1462	CisBP	M1302_1.01
AT1G61110	anac025	PWM2534	JASPAR	MA0935.1
AT1G61660	AT1G61660	PWM2560	JASPAR	MA0961.1
AT1G62300	ATWRKY6	PWM1325	CisBP	M1561_1.01
AT1G62300	ATWRKY6	PWM3562	DAP-seq	WRKY6_col
AT1G62300	ATWRKY6	PWM423	AthaMAP	T05354
AT1G62700	ANAC026	PWM1188	CisBP	M1313_1.01
AT1G62990	IXR11	PWM1161	CisBP	M0771_1.01
AT1G63030	ddf2	PWM1539	CisBP	M0031_1.01
AT1G63030	ddf2	PWM2577	JASPAR	MA0978.1
AT1G63030	ddf2	PWM2793	DAP-seq	DDF2_col
AT1G63040	AT1G63040	PWM3435	DAP-seq	AT1G63040_col
AT1G63480	AHL12	PWM1320	PBM	
AT1G63480	AHL12	PWM1607	PBM	
AT1G63480	AHL12	PWM2531	JASPAR	MA0932.1
AT1G63480	AHL12	PWM971	PBM	
AT1G64000	ATWRKY56	PWM1346	CisBP	M1566_1.01
AT1G64380	AT1G64380	PWM1009	CisBP	M0016_1.01
AT1G64620	At1g64620	PWM1125	CisBP	M0572_1.01
AT1G64620	At1g64620	PWM2580	JASPAR	MA0981.1
AT1G64620	At1g64620	PWM2968	DAP-seq	AT1G64620_col
AT1G64625	AT1G64625	PWM2883	DAP-seq	BHLH157_col
AT1G65620	AS2	PWM3186	DAP-seq	AS2_col
AT1G65910	anac028	PWM3358	DAP-seq	ANAC028_col
AT1G66370	AtMYB113	PWM3228	DAP-seq	MYB113_col
AT1G66420	AT1G66420	PWM3124	DAP-seq	AT1G66420_col
AT1G66550	ATWRKY67	PWM1133	CisBP	M1549_1.01
AT1G66560	ATWRKY64	PWM1134	CisBP	M1549_1.01
AT1G66600	ABO3	PWM2686	JASPAR	MA1092.1
AT1G66600	ABO3	PWM421	AthaMAP	
AT1G66600	ABO3	PWM82	AthaMAP	
AT1G67260	TCP1	PWM1207	CisBP	M1514_1.01
AT1G67260	TCP1	PWM3483	DAP-seq	TCP1_col
AT1G67710	ARR11	PWM1126	PBM	
AT1G67710	ARR11	PWM1422	PBM	
AT1G67710	ARR11	PWM1423	PBM	
AT1G67710	ARR11	PWM2545	JASPAR	MA0946.1
AT1G68150	ATWRKY9	PWM1326	CisBP	M1561_1.01
AT1G68320	AtMYB62	PWM3272	DAP-seq	MYB62_col
AT1G68550	CRF10	PWM2787	DAP-seq	CRF10_col
AT1G68640	PAN	PWM1406	CisBP	M0261_1.01
AT1G68670	At1g68670	PWM1497	CisBP	M1223_1.01
AT1G68670	At1g68670	PWM3100	DAP-seq	AT1G68670_col
AT1G68800	BRC2	PWM1208	CisBP	M1514_1.01
AT1G68840	AtRAV2	PWM1027	CisBP	M0013_1.01
AT1G68840	AtRAV2	PWM556	AGRIS	
AT1G68920	AT1G68920	PWM1341	CisBP	M0249_1.01
AT1G69010	BIM2	PWM1439	CisBP	M0153_1.01
AT1G69010	BIM2	PWM2564	JASPAR	MA0965.1
AT1G69010	BIM2	PWM2898	DAP-seq	BIM2_col
AT1G69120	AGL7	PWM2539	JASPAR	MA0940.1
AT1G69120	AGL7	PWM671	AGRIS	
AT1G69170	AtSPL6	PWM1077	CisBP	M1446_1.01
AT1G69180	CRC	PWM3021	DAP-seq	CRC_col
AT1G69310	ATWRKY57	PWM1098	CisBP	M1550_1.01
AT1G69310	ATWRKY57	PWM2683	JASPAR	MA1089.1
AT1G69490	ANAC029	PWM1073	CisBP	M1303_1.01
AT1G69490	ANAC029	PWM3	AthaMAP	
AT1G69490	ANAC029	PWM3410	DAP-seq	NAP_col
AT1G69560	ATMYB105	PWM3222	DAP-seq	MYB105_col
AT1G69570	AT1G69570	PWM2970	DAP-seq	AT1G69570_col
AT1G69690	At1g69690	PWM1594	PBM	
AT1G69690	At1g69690	PWM2658	JASPAR	MA1062.1
AT1G69690	At1g69690	PWM3468	DAP-seq	AT1G69690_col
AT1G69780	ATHB13	PWM3148	DAP-seq	ATHB13_col
AT1G69780	ATHB13	PWM969	CisBP	M1802_1.01
AT1G69810	ATWRKY36	PWM1327	CisBP	M1561_1.01
AT1G70000	AT1G70000	PWM819	CisBP	M1211_1.01
AT1G70510	ATK1	PWM1404	CisBP	M0756_1.01
AT1G70910	DEP	PWM3061	DAP-seq	AT1G70910_col
AT1G70920	ATHB18	PWM3150	DAP-seq	ATHB18_col
AT1G71130	AtERF070	PWM1500	CisBP	M0007_1.01
AT1G71450	AT1G71450	PWM2748	DAP-seq	AT1G71450_col
AT1G71696	SOL1	PWM3077	DAP-seq	SOL1_col
AT1G71930	ANAC030	PWM835	CisBP	M1304_1.01
AT1G72010	At1g72010	PWM3470	DAP-seq	AT1G72010_col
AT1G72050	TFIIIA	PWM3058	DAP-seq	TF3A_col
AT1G72360	AtERF73	PWM2831	DAP-seq	ERF73_col
AT1G72740	AT1G72740	PWM3305	DAP-seq	AT1G72740_col
AT1G73360	AtEDT1	PWM2589	JASPAR	MA0990.1
AT1G73360	AtEDT1	PWM3157	DAP-seq	EDT1_col
AT1G73360	AtEDT1	PWM976	CisBP	M0758_1.01
AT1G73730	AtEIL3	PWM1441	CisBP	M0604_1.01
AT1G73730	AtEIL3	PWM3090	DAP-seq	EIL3_col
AT1G73730	AtEIL3	PWM403	AGRIS	
AT1G73805	SARD1	PWM742	AthaMAP	
AT1G73830	BEE3	PWM930	CisBP	M0165_1.01
AT1G74370	AT1G74370	PWM3062	DAP-seq	AT1G74370_col
AT1G74480	AtRKD2	PWM3450	DAP-seq	RKD2_col
AT1G74650	ATMYB31	PWM1118	CisBP	M1231_1.01
AT1G74650	ATMYB31	PWM3214	DAP-seq	ATY13_col
AT1G74840	At1g74840	PWM1087	CisBP	M1224_1.01
AT1G74840	At1g74840	PWM3307	DAP-seq	AT1G74840_col
AT1G74930	ORA47	PWM1569	PBM	
AT1G74930	ORA47	PWM2644	JASPAR	MA1048.1
AT1G74930	ORA47	PWM996	PBM	
AT1G75080	BZR1	PWM1390	CisBP	M2213_1.01
AT1G75080	BZR1	PWM2150	JASPAR	MA0550.1
AT1G75080	BZR1	PWM2960	DAP-seq	BZR1_col
AT1G75240	AtHB33	PWM3580	DAP-seq	ATHB33_col
AT1G75240	AtHB33	PWM587	AGRIS	
AT1G75390	AtbZIP44	PWM1204	CisBP	M1791_1.01
AT1G75390	AtbZIP44	PWM2917	DAP-seq	BZIP44_col
AT1G75390	AtbZIP44	PWM673	AGRIS	
AT1G75490	AT1G75490	PWM1363	CisBP	M0015_1.01
AT1G75490	AT1G75490	PWM2750	DAP-seq	AT1G75490_col
AT1G76110	AT1G76110	PWM2867	DAP-seq	AT1G76110_col
AT1G76420	ANAC031	PWM3404	DAP-seq	CUC3_col
AT1G76420	ANAC031	PWM864	CisBP	M1309_1.01
AT1G76580	AT1G76580	PWM1288	CisBP	M1441_1.01
AT1G76580	AT1G76580	PWM1289	CisBP	M1441_1.01
AT1G76870	AT1G76870	PWM3491	DAP-seq	AT1G76870_col
AT1G76870	AT1G76870	PWM3492	DAP-seq	AT1G76880_col
AT1G76890	AT-GT2	PWM319	AthaMAP	T04458
AT1G76890	AT-GT2	PWM3507	DAP-seq	GT2_col
AT1G77080	AGL27	PWM1181	CisBP	M2221_1.01
AT1G77080	AGL27	PWM2609	JASPAR	MA1012.1
AT1G77200	AT1G77200	PWM1442	CisBP	M0026_1.01
AT1G77200	AT1G77200	PWM1568	PBM	
AT1G77200	AT1G77200	PWM2752	DAP-seq	AT1G77200_col
AT1G77640	AT1G77640	PWM2754	DAP-seq	AT1G77640_col
AT1G77920	bZIP50	PWM1420	CisBP	M0255_1.01
AT1G77920	bZIP50	PWM2666	JASPAR	MA1070.1
AT1G77920	bZIP50	PWM2921	DAP-seq	BZIP50_col
AT1G78080	AtWIND1	PWM1010	CisBP	M0016_1.01
AT1G78700	At1g78700	PWM2954	DAP-seq	AT1G78700_col
AT1G79180	ATMYB63	PWM3274	DAP-seq	MYB63_col
AT1G79430	APL	PWM1521	CisBP	M1230_1.01
AT1G79580	ANAC033	PWM1189	CisBP	M1313_1.01
AT1G79580	ANAC033	PWM3418	DAP-seq	SMB_col
AT1G79700	WRI4	PWM1156	CisBP	M2234_1.01
AT1G79840	GL2	PWM977	CisBP	M0758_1.01
AT1G80580	AT1G80580	PWM998	CisBP	M0011_1.01
AT1G80590	ATWRKY66	PWM1135	CisBP	M1549_1.01
AT1G80840	ATWRKY40	PWM1516	CisBP	M1551_1.01
AT1G80840	ATWRKY40	PWM2679	JASPAR	MA1085.1
AT1G80840	ATWRKY40	PWM3544	DAP-seq	WRKY40_col
AT1G80840	ATWRKY40	PWM600	AthaMAP	T07026
AT2G01060	At2g01060	PWM1278	CisBP	M1225_1.01
AT2G01060	At2g01060	PWM3101	DAP-seq	AT2G01060_col
AT2G01760	ARR14	PWM1312	PBM	
AT2G01760	ARR14	PWM1344	PBM	
AT2G01760	ARR14	PWM1557	PBM	
AT2G01760	ARR14	PWM2546	JASPAR	MA0947.1
AT2G01760	ARR14	PWM816	CisBP	M1226_1.01
AT2G01818	AT2G01818	PWM3443	DAP-seq	AT2G01818_col
AT2G01930	ATBPC1	PWM2870	DAP-seq	BPC1_col
AT2G01940	ATIDD15	PWM3052	DAP-seq	SGR5_col
AT2G02070	AtIDD5	PWM1452	CisBP	M1810_1.01
AT2G02070	AtIDD5	PWM3043	DAP-seq	IDD5_col
AT2G02080	AtIDD4	PWM1453	CisBP	M1810_1.01
AT2G02080	AtIDD4	PWM3042	DAP-seq	IDD4_col
AT2G02450	ANAC034	PWM3359	DAP-seq	ANAC034_col
AT2G02820	AtMYB88	PWM3288	DAP-seq	MYB88_col
AT2G03340	WRKY3	PWM1280	CisBP	M1571_1.01
AT2G03340	WRKY3	PWM3543	DAP-seq	WRKY3_col
AT2G03500	At2g03500	PWM3103	DAP-seq	AT2G03500_col
AT2G03500	At2g03500	PWM906	CisBP	M1265_1.01
AT2G03710	AGL3	PWM122	AGRIS	
AT2G03710	AGL3	PWM1402	CisBP	M1706_1.01
AT2G03710	AGL3	PWM1416	CisBP	M2490_1.01
AT2G03710	AGL3	PWM1612	JASPAR	MA0001.2
AT2G03710	AGL3	PWM813	CisBP	M2489_1.01
AT2G04038	AtbZIP48	PWM2919	DAP-seq	BZIP48_col
AT2G04880	ATWRKY1	PWM1048	CisBP	M2252_1.01
AT2G04880	ATWRKY1	PWM1049	CisBP	M2252_1.01
AT2G04880	ATWRKY1	PWM2188	JASPAR	MA0589.1
AT2G06200	AtGRF6	PWM3126	DAP-seq	ATGRF6_col
AT2G06200	AtGRF6	PWM922	CisBP	M1547_1.01
AT2G15660	AGL95	PWM3433	DAP-seq	AGL95_col
AT2G15740	AT2G15740	PWM3025	DAP-seq	AT2G15740_col
AT2G16720	ATMYB7	PWM1353	CisBP	M1237_1.01
AT2G16770	bZIP23	PWM230	AthaMAP	
AT2G16770	bZIP23	PWM726	AthaMAP	
AT2G17410	AT2G17410	PWM2869	DAP-seq	AT2G17410_col
AT2G17900	ASHR1	PWM3434	DAP-seq	ASHR1_col
AT2G17950	PGA6	PWM3167	DAP-seq	WUS1_col
AT2G18060	ANAC037	PWM1190	CisBP	M1313_1.01
AT2G18060	ANAC037	PWM3424	DAP-seq	VND1_col
AT2G18160	ATBZIP2	PWM2932	DAP-seq	GBF5_col
AT2G18300	HBI1	PWM1350	CisBP	M0154_1.01
AT2G18300	HBI1	PWM2622	JASPAR	MA1025.1
AT2G18300	HBI1	PWM2889	DAP-seq	BHLH64_col
AT2G18350	AtHB24	PWM3575	DAP-seq	ATHB24_col
AT2G18380	GATA20	PWM3013	DAP-seq	GATA20_col
AT2G18550	ATHB21	PWM1418	CisBP	M1102_1.01
AT2G18550	ATHB21	PWM3132	DAP-seq	ATHB21_col
AT2G20110	AT2G20110	PWM1034	CisBP	M0523_1.01
AT2G20110	AT2G20110	PWM3075	DAP-seq	AT2G20110_col
AT2G20180	PIF1	PWM1082	CisBP	M0155_1.01
AT2G20180	PIF1	PWM1238	CisBP	M2215_1.01
AT2G20180	PIF1	PWM2152	JASPAR	MA0552.1
AT2G20400	AT2G20400	PWM3105	DAP-seq	AT2G20400_col
AT2G20570	ATGLK1	PWM1558	PBM	
AT2G20570	ATGLK1	PWM905	PBM	
AT2G20880	AtERF53	PWM1011	CisBP	M0016_1.01
AT2G21060	ATCSP4	PWM1173	CisBP	M0518_1.01
AT2G21230	AT2G21230	PWM1544	CisBP	M0256_1.01
AT2G21900	ATWRKY59	PWM1137	CisBP	M1559_1.01
AT2G21900	ATWRKY59	PWM3559	DAP-seq	WRKY59_col
AT2G22200	AT2G22200	PWM1012	CisBP	M0016_1.01
AT2G22300	CAMTA3	PWM1171	CisBP	M0516_1.01
AT2G22300	CAMTA3	PWM239	AthaMAP	
AT2G22300	CAMTA3	PWM24	AthaMAP	
AT2G22300	CAMTA3	PWM2569	JASPAR	MA0970.1
AT2G22300	CAMTA3	PWM294	AthaMAP	
AT2G22300	CAMTA3	PWM353	AthaMAP	
AT2G22300	CAMTA3	PWM364	AthaMAP	
AT2G22300	CAMTA3	PWM496	AthaMAP	
AT2G22300	CAMTA3	PWM619	AthaMAP	
AT2G22430	ATHB6	PWM1057	CisBP	M0759_1.01
AT2G22430	ATHB6	PWM2552	JASPAR	MA0953.1
AT2G22430	ATHB6	PWM3154	DAP-seq	ATHB6_col
AT2G22430	ATHB6	PWM728	AGRIS	
AT2G22540	AGL22	PWM1491	CisBP	M2218_1.01
AT2G22540	AGL22	PWM2155	JASPAR	MA0555.1
AT2G22540	AGL22	PWM3211	DAP-seq	SVP_col
AT2G22540	AGL22	PWM795	AthaMAP	
AT2G22540	AGL22	PWM97	AthaMAP	
AT2G22750	AT2G22750	PWM2884	DAP-seq	BHLH18_col
AT2G22800	HAT9	PWM1313	CisBP	M0761_1.01
AT2G23290	AtMYB70	PWM1306	CisBP	M1215_1.01
AT2G23290	AtMYB70	PWM3278	DAP-seq	MYB70_col
AT2G23320	AtWRKY15	PWM1263	CisBP	M1552_1.01
AT2G23320	AtWRKY15	PWM2671	JASPAR	MA1076.1
AT2G23320	AtWRKY15	PWM3515	DAP-seq	WRKY15_col
AT2G23340	DEAR3	PWM1335	PBM	
AT2G23340	DEAR3	PWM1571	PBM	
AT2G23340	DEAR3	PWM2578	JASPAR	MA0979.1
AT2G23340	DEAR3	PWM2796	DAP-seq	DEAR3_col
AT2G24260	LRL1	PWM1023	CisBP	M0247_1.01
AT2G24430	ANAC038	PWM1537	CisBP	M1307_1.01
AT2G24430	ANAC038	PWM3360	DAP-seq	ANAC038_col
AT2G24570	ATWRKY17	PWM1371	CisBP	M1553_1.01
AT2G24570	ATWRKY17	PWM1372	CisBP	M1553_1.01
AT2G24570	ATWRKY17	PWM3517	DAP-seq	WRKY17_col
AT2G25000	ATWRKY60	PWM2684	JASPAR	MA1090.1
AT2G25000	ATWRKY60	PWM999	CisBP	M1554_1.01
AT2G25650	AT2G25650	PWM1487	CisBP	M1494_1.01
AT2G25820	ESE2	PWM1144	CisBP	M0034_1.01
AT2G26580	YAB5	PWM1591	PBM	
AT2G26580	YAB5	PWM854	CisBP	M1453_1.01
AT2G26960	AtMYB81	PWM3284	DAP-seq	MYB81_col
AT2G27050	AtEIL1	PWM1004	CisBP	M0605_1.01
AT2G27050	AtEIL1	PWM404	AGRIS	
AT2G27300	ANAC040	PWM2710	UNIPROBE	UP00577
AT2G27300	ANAC040	PWM2711	UNIPROBE	UP00577
AT2G27300	ANAC040	PWM3414	DAP-seq	NTL8_col
AT2G28340	GATA13	PWM1548	CisBP	M0680_1.01
AT2G28550	RAP2.7	PWM1389	PBM	
AT2G28550	RAP2.7	PWM1484	PBM	
AT2G28550	RAP2.7	PWM1573	PBM	
AT2G28710	AT2G28710	PWM1506	CisBP	M0353_1.01
AT2G28810	AT2G28810	PWM2972	DAP-seq	AT2G28810_col
AT2G28920	AT2G28920	PWM3436	DAP-seq	AT2G28920_col
AT2G30130	ASL5	PWM1401	CisBP	M1179_1.01
AT2G30250	ATWRKY25	PWM1225	CisBP	M1555_1.01
AT2G30250	ATWRKY25	PWM2676	JASPAR	MA1081.1
AT2G30250	ATWRKY25	PWM3528	DAP-seq	WRKY25_col
AT2G30340	LBD13	PWM3189	DAP-seq	LBD13_col
AT2G30590	WRKY21	PWM2674	JASPAR	MA1079.1
AT2G30590	WRKY21	PWM3522	DAP-seq	WRKY21_col
AT2G30590	WRKY21	PWM944	CisBP	M1556_1.01
AT2G30590	WRKY21	PWM945	CisBP	M1556_1.01
AT2G31220	AT2G31220	PWM2878	DAP-seq	BHLH10_col
AT2G31230	ATERF15	PWM1303	CisBP	M0017_1.01
AT2G31230	ATERF15	PWM2817	DAP-seq	ERF15_col
AT2G31370	AT2G31370	PWM1268	CisBP	M0258_1.01
AT2G31460	AT2G31460	PWM3448	DAP-seq	AT2G31460_col
AT2G32370	HDG3	PWM1128	CisBP	M0768_1.01
AT2G32460	ATM1	PWM3220	DAP-seq	MYB101_col
AT2G33480	ANAC041	PWM1471	CisBP	M1308_1.01
AT2G33550	AT2G33550	PWM3493	DAP-seq	AT2G33550_col
AT2G33710	At2g33710	PWM1302	CisBP	M0018_1.01
AT2G33710	At2g33710	PWM2600	JASPAR	MA1002.1
AT2G33710	At2g33710	PWM2755	DAP-seq	AT2G33710_col
AT2G33810	SPL3	PWM2176	JASPAR	MA0577.1
AT2G33810	SPL3	PWM3460	DAP-seq	SPL3_col
AT2G33810	SPL3	PWM949	CisBP	M2240_1.01
AT2G33860	ARF3	PWM1159	PBM	
AT2G33860	ARF3	PWM1601	PBM	
AT2G33860	ARF3	PWM2606	JASPAR	MA1009.1
AT2G34710	ATHB14	PWM1458	CisBP	M2236_1.01
AT2G34830	AtWRKY35	PWM1259	CisBP	M1548_1.01
AT2G35530	AtbZIP16	PWM1237	CisBP	M0251_1.01
AT2G35530	AtbZIP16	PWM2908	DAP-seq	BZIP16_col
AT2G35700	ATERF38	PWM1443	CisBP	M0026_1.01
AT2G35700	ATERF38	PWM2822	DAP-seq	ERF38_col
AT2G36010	ATE2FA	PWM249	AthaMAP	T06392
AT2G36010	ATE2FA	PWM3087	DAP-seq	E2FA_col
AT2G36010	ATE2FA	PWM595	AthaMAP	T06392
AT2G36010	ATE2FA	PWM687	AthaMAP	T06392
AT2G36010	ATE2FA	PWM760	AthaMAP	T06392
AT2G36010	ATE2FA	PWM775	AGRIS	
AT2G36010	ATE2FA	PWM783	AthaMAP	T06392
AT2G36011	AT2G36011	PWM13	AGRIS	
AT2G36270	ABI5	PWM2530	JASPAR	MA0931.1
AT2G36270	ABI5	PWM2904	DAP-seq	ABI5_col
AT2G36270	ABI5	PWM589	AthaMAP	T04543
AT2G36270	ABI5	PWM607	AthaMAP	T04543
AT2G36270	ABI5	PWM621	AthaMAP	T04543
AT2G36270	ABI5	PWM719	AthaMAP	T04543
AT2G36270	ABI5	PWM957	CisBP	M0257_1.01
AT2G36450	HRD	PWM1273	CisBP	M0019_1.01
AT2G36610	ATHB22	PWM1107	CisBP	M0760_1.01
AT2G37430	ZAT11	PWM1514	CisBP	M0354_1.01
AT2G37590	ATDOF2.4	PWM1545	CisBP	M0573_1.01
AT2G37590	ATDOF2.4	PWM2581	JASPAR	MA0982.1
AT2G37590	ATDOF2.4	PWM2991	DAP-seq	DOF24_col
AT2G38090	AT2G38090	PWM3309	DAP-seq	AT2G38090_col
AT2G38250	AT2G38250	PWM769	AthaMAP	T07188
AT2G38300	AT2G38300	PWM3107	DAP-seq	AT2G38300_col
AT2G38340	DREB19	PWM2800	DAP-seq	DREB19_col
AT2G38470	ATWRKY33	PWM1175	CisBP	M1557_1.01
AT2G38470	ATWRKY33	PWM3542	DAP-seq	WRKY33_col
AT2G38530	cdf3	PWM2985	DAP-seq	CDF3_col
AT2G38880	ATHAP3	PWM3073	DAP-seq	HAP3_col
AT2G39250	SNZ	PWM1373	CisBP	M2216_1.01
AT2G39900	WLIM2a	PWM3185	DAP-seq	WLIM2A_col
AT2G40220	ABI4	PWM952	CisBP	M1813_1.01
AT2G40260	AT2G40260	PWM3108	DAP-seq	AT2G40260_col
AT2G40340	AtERF48	PWM1150	PBM	
AT2G40340	AtERF48	PWM1567	PBM	
AT2G40340	AtERF48	PWM2585	JASPAR	MA0986.1
AT2G40340	AtERF48	PWM2825	DAP-seq	ERF48_col
AT2G40350	AT2G40350	PWM1364	CisBP	M0015_1.01
AT2G40620	bZIP18	PWM1269	CisBP	M0258_1.01
AT2G40620	bZIP18	PWM2910	DAP-seq	BZIP18_col
AT2G40740	ATWRKY55	PWM3558	DAP-seq	WRKY55_col
AT2G40740	ATWRKY55	PWM888	CisBP	M1567_1.01
AT2G40750	ATWRKY54	PWM889	CisBP	M1567_1.01
AT2G40950	BZIP17	PWM882	CisBP	M0259_1.01
AT2G40970	MYBC1	PWM1028	CisBP	M1239_1.01
AT2G41070	ATBZIP12	PWM588	AthaMAP	T05618
AT2G41070	ATBZIP12	PWM718	AthaMAP	T05618
AT2G41690	AT-HSFB3	PWM3180	DAP-seq	HSFB3_col
AT2G41835	AT2G41835	PWM3026	DAP-seq	AT2G41835_col
AT2G41940	ZFP8	PWM988	CisBP	M0351_1.01
AT2G42200	AtSPL9	PWM1078	CisBP	M1446_1.01
AT2G42200	AtSPL9	PWM3464	DAP-seq	SPL9_col
AT2G42280	AKS3	PWM1530	CisBP	M0226_1.01
AT2G42280	AKS3	PWM2882	DAP-seq	BHLH130_col
AT2G42400	ATVOZ2	PWM2718	UNIPROBE	UP00581
AT2G42400	ATVOZ2	PWM2719	UNIPROBE	UP00581
AT2G42430	ASL18	PWM1610	PBM	
AT2G42430	ASL18	PWM3187	DAP-seq	ASL18_col
AT2G43000	ANAC042	PWM3362	DAP-seq	ANAC042_col
AT2G43010	AtPIF4	PWM2161	JASPAR	MA0561.1
AT2G43010	AtPIF4	PWM818	CisBP	M2224_1.01
AT2G43140	AT2G43140	PWM1531	CisBP	M0226_1.01
AT2G44745	AtWRKY12	PWM1099	CisBP	M1550_1.01
AT2G44745	AtWRKY12	PWM1581	PBM	
AT2G44745	AtWRKY12	PWM2670	JASPAR	MA1075.1
AT2G44840	ATERF13	PWM1490	CisBP	M0020_1.01
AT2G44840	ATERF13	PWM2601	JASPAR	MA1004.1
AT2G44840	ATERF13	PWM2815	DAP-seq	ERF13_col
AT2G44910	ATHB4	PWM1314	CisBP	M0761_1.01
AT2G44940	AT2G44940	PWM2757	DAP-seq	AT2G44940_col
AT2G45050	GATA2	PWM1069	CisBP	M0687_1.01
AT2G45050	GATA2	PWM426	AthaMAP	T05706
AT2G45050	GATA2	PWM596	AthaMAP	T05706
AT2G45050	GATA2	PWM645	AthaMAP	T05706
AT2G45050	GATA2	PWM709	AthaMAP	T05706
AT2G45120	AT2G45120	PWM1036	CisBP	M0352_1.01
AT2G45190	AFO	PWM1590	PBM	
AT2G45410	LBD19	PWM3193	DAP-seq	LBD19_col
AT2G45420	LBD18	PWM3191	DAP-seq	LBD18_col
AT2G45480	AtGRF9	PWM3127	DAP-seq	GRF9_col
AT2G45650	AGL6	PWM3209	DAP-seq	AGL6_col
AT2G45660	AGL20	PWM2154	JASPAR	MA0554.1
AT2G45660	AGL20	PWM796	AthaMAP	
AT2G45660	AGL20	PWM98	AthaMAP	
AT2G45680	At2g45680	PWM3472	DAP-seq	AT2G45680_col
AT2G45680	At2g45680	PWM862	CisBP	M1526_1.01
AT2G46130	ATWRKY43	PWM138	AthaMAP	
AT2G46130	ATWRKY43	PWM1511	CisBP	M1558_1.01
AT2G46130	ATWRKY43	PWM1512	CisBP	M1558_1.01
AT2G46130	ATWRKY43	PWM232	AthaMAP	
AT2G46130	ATWRKY43	PWM258	AthaMAP	
AT2G46130	ATWRKY43	PWM2680	JASPAR	MA1086.1
AT2G46130	ATWRKY43	PWM3548	DAP-seq	WRKY43_col
AT2G46130	ATWRKY43	PWM536	AthaMAP	
AT2G46130	ATWRKY43	PWM639	AthaMAP	
AT2G46130	ATWRKY43	PWM688	AthaMAP	
AT2G46270	GBF3	PWM2930	DAP-seq	GBF3_col
AT2G46270	GBF3	PWM951	CisBP	M0260_1.01
AT2G46310	CRF5	PWM924	CisBP	M0033_1.01
AT2G46400	ATWRKY46	PWM3552	DAP-seq	WRKY46_col
AT2G46400	ATWRKY46	PWM890	CisBP	M1567_1.01
AT2G46510	AIB	PWM2558	JASPAR	MA0959.1
AT2G46510	AIB	PWM845	CisBP	M0148_1.01
AT2G46590	DAG2	PWM1592	PBM	
AT2G46590	DAG2	PWM2576	JASPAR	MA0977.1
AT2G46590	DAG2	PWM2989	DAP-seq	DAG2_col
AT2G46680	ATHB7	PWM2553	JASPAR	MA0954.1
AT2G46680	ATHB7	PWM3156	DAP-seq	ATHB7_col
AT2G46680	ATHB7	PWM908	CisBP	M0762_1.01
AT2G46770	ANAC043	PWM2641	JASPAR	MA1045.1
AT2G46770	ANAC043	PWM3412	DAP-seq	NST1_col
AT2G46770	ANAC043	PWM836	CisBP	M1304_1.01
AT2G46830	AtCCA1	PWM1136	PBM	
AT2G46830	AtCCA1	PWM1555	PBM	
AT2G46830	AtCCA1	PWM171	AGRIS	
AT2G46830	AtCCA1	PWM2571	JASPAR	MA0972.1
AT2G46830	AtCCA1	PWM44	AGRIS	
AT2G46830	AtCCA1	PWM617	AGRIS	
AT2G46830	AtCCA1	PWM635	AthaMAP	T08583
AT2G46970	PIL1	PWM902	CisBP	M0150_1.01
AT2G47070	SPL1	PWM2651	JASPAR	MA1055.1
AT2G47070	SPL1	PWM790	AthaMAP	T05275
AT2G47190	ATMYB2	PWM272	AthaMAP	T02536
AT2G47190	ATMYB2	PWM373	AthaMAP	T02536
AT2G47190	ATMYB2	PWM473	AthaMAP	T02536
AT2G47190	ATMYB2	PWM548	AthaMAP	T02536
AT2G47190	ATMYB2	PWM803	AGRIS	
AT2G47260	ATWRKY23	PWM1138	CisBP	M1559_1.01
AT2G47260	ATWRKY23	PWM2675	JASPAR	MA1080.1
AT2G48100	AT2G48100	PWM3027	DAP-seq	AT2G48100_col
AT3G01080	ATWRKY58	PWM1281	CisBP	M1571_1.01
AT3G01220	ATHB20	PWM3152	DAP-seq	ATHB20_col
AT3G01220	ATHB20	PWM970	CisBP	M1802_1.01
AT3G01330	DEL3	PWM685	AthaMAP	T07257
AT3G01330	DEL3	PWM776	AGRIS	
AT3G01470	ATHB1	PWM1319	CisBP	M2531_1.01
AT3G01470	ATHB1	PWM1619	JASPAR	MA0008.2
AT3G01470	ATHB1	PWM313	AGRIS	
AT3G01470	ATHB1	PWM3162	DAP-seq	HAT5_col
AT3G01470	ATHB1	PWM828	CisBP	M2235_1.01
AT3G01470	ATHB1	PWM900	CisBP	M1712_1.01
AT3G01470	ATHB1	PWM901	CisBP	M1712_1.01
AT3G01530	ATMYB57	PWM3266	DAP-seq	MYB57_col
AT3G01970	ATWRKY45	PWM1347	CisBP	M1566_1.01
AT3G01970	ATWRKY45	PWM1582	PBM	
AT3G01970	ATWRKY45	PWM2681	JASPAR	MA1087.1
AT3G01970	ATWRKY45	PWM3550	DAP-seq	WRKY45_col
AT3G02150	PTF1	PWM1210	CisBP	M1533_1.01
AT3G02150	PTF1	PWM3476	DAP-seq	PTF1_col
AT3G02940	AtMYB107	PWM3224	DAP-seq	MYB107_col
AT3G02990	ATHSFA1E	PWM3174	DAP-seq	HSFA1E_col
AT3G03200	anac045	PWM3363	DAP-seq	ANAC045_col
AT3G03260	HDG8	PWM978	CisBP	M0758_1.01
AT3G03450	RGL2	PWM1243	CisBP	M0737_1.01
AT3G03660	WOX11	PWM3144	DAP-seq	WOX11_col
AT3G04030	At3g04030	PWM1410	CisBP	M1227_1.01
AT3G04030	At3g04030	PWM1411	CisBP	M1227_1.01
AT3G04030	At3g04030	PWM3110	DAP-seq	AT3G04030_col
AT3G04060	anac046	PWM1604	PBM	
AT3G04060	anac046	PWM2535	JASPAR	MA0936.1
AT3G04060	anac046	PWM3365	DAP-seq	ANAC046_col
AT3G04060	anac046	PWM865	CisBP	M1309_1.01
AT3G04070	anac047	PWM3367	DAP-seq	ANAC047_col
AT3G04450	AT3G04450	PWM830	CisBP	M1244_1.01
AT3G04670	ATWRKY39	PWM1264	CisBP	M1552_1.01
AT3G04850	AT3G04850	PWM1370	CisBP	M0524_1.01
AT3G06490	AtMYB108	PWM3217	DAP-seq	BOS1_col
AT3G06740	GATA15	PWM1211	CisBP	M0682_1.01
AT3G06740	GATA15	PWM2613	JASPAR	MA1016.1
AT3G06740	GATA15	PWM3007	DAP-seq	GATA15_col
AT3G07220	AtFHA2	PWM3094	DAP-seq	FHA2_col
AT3G07340	AT3G07340	PWM931	CisBP	M0165_1.01
AT3G08500	AtMYB83	PWM3286	DAP-seq	MYB83_col
AT3G09230	AtMYB1	PWM309	AGRIS	
AT3G09230	AtMYB1	PWM3239	DAP-seq	MYB1_col
AT3G09230	AtMYB1	PWM372	AthaMAP	T02535
AT3G09230	AtMYB1	PWM547	AthaMAP	T02535
AT3G09290	TAC1	PWM152	AthaMAP	T10627
AT3G09290	TAC1	PWM244	AthaMAP	T10627
AT3G09290	TAC1	PWM471	AthaMAP	T10627
AT3G09600	At3g09600	PWM1199	CisBP	M1205_1.01
AT3G09600	At3g09600	PWM3310	DAP-seq	AT3G09600_col
AT3G09735	AT3G09735	PWM3452	DAP-seq	AT3G09735_col
AT3G10030	AT3G10030	PWM3495	DAP-seq	AT3G10030_col
AT3G10113	AT3G10113	PWM3312	DAP-seq	AT3G10113_col
AT3G10113	AT3G10113	PWM959	CisBP	M1219_1.01
AT3G10480	ANAC050	PWM1165	CisBP	M1306_1.01
AT3G10480	ANAC050	PWM3368	DAP-seq	ANAC050_col
AT3G10490	ANAC051	PWM1166	CisBP	M1306_1.01
AT3G10500	ANAC053	PWM3370	DAP-seq	ANAC053_col
AT3G10580	AT3G10580	PWM3313	DAP-seq	AT3G10580_col
AT3G10760	AT3G10760	PWM1029	CisBP	M1239_1.01
AT3G10800	bZIP28	PWM2912	DAP-seq	BZIP28_col
AT3G10800	bZIP28	PWM883	CisBP	M0259_1.01
AT3G11280	At3g11280	PWM3315	DAP-seq	AT3G11280_col
AT3G11440	ATMYB65	PWM1255	CisBP	M1240_1.01
AT3G11440	ATMYB65	PWM3275	DAP-seq	MYB65_col
AT3G12250	BZIP45	PWM1407	CisBP	M0261_1.01
AT3G12250	BZIP45	PWM2665	JASPAR	MA1069.1
AT3G12250	BZIP45	PWM2948	DAP-seq	TGA6_col
AT3G12720	ATMYB67	PWM3277	DAP-seq	MYB67_col
AT3G12730	AT3G12730	PWM1522	CisBP	M1230_1.01
AT3G12730	AT3G12730	PWM3112	DAP-seq	AT3G12730_col
AT3G12820	AtMYB10	PWM3226	DAP-seq	MYB10_col
AT3G12910	AT3G12910	PWM3398	DAP-seq	AT3G12910_col
AT3G13040	AT3G13040	PWM1513	CisBP	M1228_1.01
AT3G13040	AT3G13040	PWM3114	DAP-seq	AT3G13040_col
AT3G13445	TBP1	PWM956	CisBP	M1512_1.01
AT3G13810	AtIDD11	PWM3037	DAP-seq	ATIDD11_col
AT3G14180	ASIL2	PWM3497	DAP-seq	AT3G14180_col
AT3G14230	RAP2.2	PWM156	AthaMAP	
AT3G14230	RAP2.2	PWM187	AthaMAP	
AT3G15030	MEE35	PWM1230	CisBP	M1516_1.01
AT3G15030	MEE35	PWM2631	JASPAR	MA1035.1
AT3G15170	ANAC054	PWM1095	CisBP	M1310_1.01
AT3G15170	ANAC054	PWM3400	DAP-seq	CUC1_col
AT3G15210	ATERF4	PWM1519	CisBP	M0022_1.01
AT3G15210	ATERF4	PWM216	AthaMAP	T04636
AT3G15210	ATERF4	PWM2590	JASPAR	MA0992.1
AT3G15210	ATERF4	PWM2826	DAP-seq	ERF4_col
AT3G15210	ATERF4	PWM41	AthaMAP	T04636
AT3G15210	ATERF4	PWM520	AthaMAP	T04636
AT3G15210	ATERF4	PWM55	AthaMAP	T04636
AT3G15210	ATERF4	PWM70	AthaMAP	T04636
AT3G15210	ATERF4	PWM729	AthaMAP	T04636
AT3G15270	SPL5	PWM2655	JASPAR	MA1059.1
AT3G15270	SPL5	PWM3462	DAP-seq	SPL5_col
AT3G15270	SPL5	PWM791	AthaMAP	T05278
AT3G15270	SPL5	PWM923	CisBP	M1442_1.01
AT3G15500	ANAC055	PWM1196	PBM	
AT3G15500	ANAC055	PWM1603	PBM	
AT3G15500	ANAC055	PWM2536	JASPAR	MA0937.1
AT3G15500	ANAC055	PWM3372	DAP-seq	ANAC055_col
AT3G15500	ANAC055	PWM347	AthaMAP	T07333
AT3G15510	ANAC056	PWM1463	CisBP	M1302_1.01
AT3G15510	ANAC056	PWM1464	CisBP	M1302_1.01
AT3G15510	ANAC056	PWM3406	DAP-seq	NAC2_col
AT3G16280	AT3G16280	PWM1145	CisBP	M0034_1.01
AT3G16280	AT3G16280	PWM2759	DAP-seq	AT3G16280_col
AT3G16350	AT3G16350	PWM1194	CisBP	M1216_1.01
AT3G16770	ATEBP	PWM1224	PBM	
AT3G16770	ATEBP	PWM1336	PBM	
AT3G16770	ATEBP	PWM1563	PBM	
AT3G16770	ATEBP	PWM2647	JASPAR	MA1051.1
AT3G16857	ARR1	PWM1104	CisBP	M1229_1.01
AT3G16857	ARR1	PWM2544	JASPAR	MA0945.1
AT3G16857	ARR1	PWM531	AthaMAP	T04729
AT3G16857	ARR1	PWM669	AthaMAP	T04729
AT3G16870	GATA17	PWM1212	CisBP	M0682_1.01
AT3G17609	HYH	PWM1068	CisBP	M2214_1.01
AT3G17730	anac057	PWM1167	CisBP	M1306_1.01
AT3G17730	anac057	PWM3373	DAP-seq	ANAC057_col
AT3G18400	anac058	PWM1605	PBM	
AT3G18400	anac058	PWM2537	JASPAR	MA0938.1
AT3G18400	anac058	PWM3375	DAP-seq	ANAC058_col
AT3G18400	anac058	PWM861	CisBP	M1312_1.01
AT3G18550	AtBRC1	PWM1209	CisBP	M1514_1.01
AT3G18990	REM39	PWM2729	DAP-seq	VRN1_col
AT3G19290	ABF4	PWM746	AGRIS	
AT3G19290	ABF4	PWM966	CisBP	M0253_1.01
AT3G19510	HAT3.1	PWM1466	CisBP	M0763_1.01
AT3G19580	AZF2	PWM1037	CisBP	M0352_1.01
AT3G20310	ATERF7	PWM1392	CisBP	M0023_1.01
AT3G20310	ATERF7	PWM2591	JASPAR	MA0993.1
AT3G20310	ATERF7	PWM2833	DAP-seq	ERF7_col
AT3G20310	ATERF7	PWM54	AthaMAP	T05483
AT3G20770	AtEIN3	PWM264	AthaMAP	
AT3G20770	AtEIN3	PWM3091	DAP-seq	EIN3_col
AT3G20770	AtEIN3	PWM606	AGRIS	
AT3G20770	AtEIN3	PWM824	CisBP	M0606_1.01
AT3G20840	PLT1	PWM2844	DAP-seq	PLT1_col
AT3G21175	GATA24	PWM1111	CisBP	M0683_1.01
AT3G21175	GATA24	PWM3018	DAP-seq	ZML1_col
AT3G21270	ADOF2	PWM1052	CisBP	M0574_1.01
AT3G21890	BBX31	PWM3442	DAP-seq	BBX31_col
AT3G22170	CPD45	PWM1061	CisBP	M2220_1.01
AT3G22170	CPD45	PWM2157	JASPAR	MA0557.1
AT3G22480	PDF2	PWM3166	DAP-seq	PDF2_col
AT3G22760	SOL1	PWM1534	CisBP	M0525_1.01
AT3G22780	ATTSO1	PWM1535	CisBP	M0525_1.01
AT3G22780	ATTSO1	PWM3081	DAP-seq	TSO1_col
AT3G22830	AT-HSFA6B	PWM3178	DAP-seq	HSFA6B_col
AT3G23130	FLO10	PWM284	AthaMAP	T02275
AT3G23210	bHLH34	PWM1481	CisBP	M0156_1.01
AT3G23210	bHLH34	PWM2561	JASPAR	MA0962.1
AT3G23210	bHLH34	PWM2887	DAP-seq	BHLH34_col
AT3G23220	ESE1	PWM2839	DAP-seq	ESE1_col
AT3G23230	AtERF98	PWM1296	CisBP	M0024_1.01
AT3G23230	AtERF98	PWM2597	JASPAR	MA0999.1
AT3G23240	ATERF1	PWM1122	CisBP	M0025_1.01
AT3G23240	ATERF1	PWM1231	CisBP	M2230_1.01
AT3G23240	ATERF1	PWM1366	PBM	
AT3G23240	ATERF1	PWM1421	PBM	
AT3G23240	ATERF1	PWM1565	PBM	
AT3G23240	ATERF1	PWM2167	JASPAR	MA0567.1
AT3G23240	ATERF1	PWM2819	DAP-seq	ERF1_col
AT3G23240	ATERF1	PWM351	AGRIS	
AT3G23250	ATMYB15	PWM1504	CisBP	M2237_1.01
AT3G23250	ATMYB15	PWM2173	JASPAR	MA0574.1
AT3G23250	ATMYB15	PWM3216	DAP-seq	ATY19_col
AT3G23690	AT3G23690	PWM1342	CisBP	M0249_1.01
AT3G23690	AT3G23690	PWM2893	DAP-seq	BHLH77_col
AT3G24050	GATA1	PWM1124	CisBP	M0684_1.01
AT3G24050	GATA1	PWM28	AthaMAP	T05705
AT3G24050	GATA1	PWM3011	DAP-seq	GATA1_col
AT3G24050	GATA1	PWM359	AthaMAP	T05705
AT3G24050	GATA1	PWM429	AthaMAP	T05705
AT3G24050	GATA1	PWM474	AthaMAP	T05705
AT3G24050	GATA1	PWM545	AthaMAP	T05705
AT3G24050	GATA1	PWM599	AthaMAP	T05705
AT3G24050	GATA1	PWM62	AthaMAP	T05705
AT3G24050	GATA1	PWM648	AthaMAP	T05705
AT3G24050	GATA1	PWM712	AthaMAP	T05705
AT3G24050	GATA1	PWM786	AthaMAP	T05705
AT3G24120	At3g24120	PWM1523	CisBP	M1230_1.01
AT3G24120	At3g24120	PWM3115	DAP-seq	AT3G24120_col
AT3G24520	AT-HSFC1	PWM132	AGRIS	
AT3G24520	AT-HSFC1	PWM1598	PBM	
AT3G24520	AT-HSFC1	PWM3183	DAP-seq	HSFC1_col
AT3G24520	AT-HSFC1	PWM839	PBM	
AT3G24650	ABI3	PWM136	AthaMAP	T04393
AT3G24650	ABI3	PWM2164	JASPAR	MA0564.1
AT3G24650	ABI3	PWM297	AthaMAP	T04393
AT3G24650	ABI3	PWM464	AthaMAP	T04393
AT3G24650	ABI3	PWM519	AthaMAP	T04393
AT3G24650	ABI3	PWM785	AthaMAP	T04393
AT3G24650	ABI3	PWM793	AthaMAP	T04393
AT3G24650	ABI3	PWM982	CisBP	M2227_1.01
AT3G25730	EDF3	PWM1197	CisBP	M0080_1.01
AT3G25730	EDF3	PWM1227	CisBP	M0081_1.01
AT3G25790	AT3G25790	PWM1498	CisBP	M1223_1.01
AT3G25990	AT3G25990	PWM3498	DAP-seq	AT3G25990_col
AT3G25990	AT3G25990	PWM987	CisBP	M1181_1.01
AT3G26620	LBD23	PWM3194	DAP-seq	LBD23_col
AT3G26790	FUS3	PWM2165	JASPAR	MA0565.1
AT3G26790	FUS3	PWM2726	DAP-seq	FUS3_col
AT3G26790	FUS3	PWM412	AthaMAP	T04719
AT3G26790	FUS3	PWM518	AthaMAP	T04719
AT3G26790	FUS3	PWM784	AthaMAP	T04719
AT3G26790	FUS3	PWM792	AthaMAP	T04719
AT3G26790	FUS3	PWM917	CisBP	M2228_1.01
AT3G27010	ATTCP20	PWM1071	CisBP	M1517_1.01
AT3G27010	ATTCP20	PWM2661	JASPAR	MA1065.1
AT3G27010	ATTCP20	PWM3484	DAP-seq	TCP20_col
AT3G27785	ATMYB118	PWM3231	DAP-seq	MYB118_col
AT3G27810	ATMYB21	PWM843	CisBP	M1245_1.01
AT3G28910	ATMYB30	PWM1119	CisBP	M1231_1.01
AT3G28910	ATMYB30	PWM3243	DAP-seq	MYB30_col
AT3G28920	AtHB34	PWM3582	DAP-seq	ATHB34_col
AT3G29035	ANAC059	PWM866	CisBP	M1309_1.01
AT3G30210	ATMYB121	PWM3235	DAP-seq	MYB121_col
AT3G30530	ATBZIP42	PWM2914	DAP-seq	BZIP42_col
AT3G42860	AT3G42860	PWM3572	DAP-seq	AT3G42860_col
AT3G44460	AtbZIP67	PWM282	AGRIS	
AT3G44480	cog1	PWM2987	DAP-seq	COG1_col
AT3G45150	TCP16	PWM1180	AthaMAP	
AT3G45150	TCP16	PWM1596	PBM	
AT3G45150	TCP16	PWM2186	JASPAR	MA0587.1
AT3G45150	TCP16	PWM3479	DAP-seq	TCP16_col
AT3G45150	TCP16	PWM979	CisBP	M2250_1.01
AT3G45170	GATA14	PWM3006	DAP-seq	GATA14_col
AT3G45170	GATA14	PWM989	CisBP	M0685_1.01
AT3G45610	At3g45610	PWM2974	DAP-seq	AT3G45610_col
AT3G45610	At3g45610	PWM916	CisBP	M0575_1.01
AT3G46070	AT3G46070	PWM1507	CisBP	M0353_1.01
AT3G46070	AT3G46070	PWM3028	DAP-seq	AT3G46070_col
AT3G46080	AT3G46080	PWM1508	CisBP	M0353_1.01
AT3G46090	ZAT7	PWM1509	CisBP	M0353_1.01
AT3G46590	ATTRP2	PWM3345	DAP-seq	TRP2_col
AT3G46640	LUX	PWM1030	CisBP	M1239_1.01
AT3G46640	LUX	PWM2698	UNIPROBE	UP00552
AT3G46640	LUX	PWM2699	UNIPROBE	UP00552
AT3G46640	LUX	PWM2700	UNIPROBE	UP00552
AT3G46640	LUX	PWM2701	UNIPROBE	UP00552
AT3G46640	LUX	PWM2702	UNIPROBE	UP00552
AT3G46640	LUX	PWM2703	UNIPROBE	UP00552
AT3G47500	CDF3	PWM1160	CisBP	M0576_1.01
AT3G47500	CDF3	PWM2573	JASPAR	MA0974.1
AT3G47600	ATMYB94	PWM1120	CisBP	M1231_1.01
AT3G47600	ATMYB94	PWM3294	DAP-seq	MYB94_col
AT3G47620	AtTCP14	PWM3478	DAP-seq	TCP14_col
AT3G48160	DEL1	PWM1358	CisBP	M0590_1.01
AT3G48160	DEL1	PWM3083	DAP-seq	DEL1_col
AT3G48160	DEL1	PWM686	AthaMAP	T07424
AT3G48160	DEL1	PWM759	AthaMAP	T07424
AT3G48160	DEL1	PWM782	AthaMAP	T07424
AT3G49530	ANAC062	PWM1476	CisBP	M1305_1.01
AT3G49530	ANAC062	PWM2708	UNIPROBE	UP00576
AT3G49530	ANAC062	PWM2709	UNIPROBE	UP00576
AT3G49530	ANAC062	PWM3377	DAP-seq	ANAC062_col
AT3G49690	ATMYB84	PWM1053	CisBP	M2239_1.01
AT3G49690	ATMYB84	PWM1056	CisBP	M2239_1.01
AT3G49690	ATMYB84	PWM2175	JASPAR	MA0576.1
AT3G49850	ATTRB3	PWM1384	CisBP	M1248_1.01
AT3G49930	AT3G49930	PWM1424	CisBP	M0358_1.01
AT3G49930	AT3G49930	PWM3029	DAP-seq	AT3G49930_col
AT3G50060	MYB77	PWM2174	JASPAR	MA0575.1
AT3G50060	MYB77	PWM3282	DAP-seq	MYB77_col
AT3G50060	MYB77	PWM872	CisBP	M2238_1.01
AT3G50260	ATERF#011	PWM2785	DAP-seq	CEJ1_col
AT3G50410	OBP1	PWM2998	DAP-seq	OBP1_col
AT3G50700	AtIDD2	PWM3040	DAP-seq	IDD2_col
AT3G51060	AtSTY1	PWM1611	PBM	
AT3G51060	AtSTY1	PWM822	PBM	
AT3G51080	GATA6	PWM3016	DAP-seq	GATA6_col
AT3G51080	GATA6	PWM990	CisBP	M0685_1.01
AT3G51470	AT3G51470	PWM3082	DAP-seq	AT3G51470_col
AT3G52440	AT3G52440	PWM2976	DAP-seq	AT3G52440_col
AT3G53200	AtMYB27	PWM3241	DAP-seq	MYB27_col
AT3G53600	AT3G53600	PWM1515	CisBP	M0354_1.01
AT3G53600	AT3G53600	PWM1588	PBM	
AT3G54320	ASML1	PWM1157	CisBP	M2234_1.01
AT3G54340	AP3	PWM2156	JASPAR	MA0556.1
AT3G54340	AP3	PWM833	CisBP	M2219_1.01
AT3G54610	BGT	PWM3158	DAP-seq	HAT1_col
AT3G54810	BME3	PWM1517	CisBP	M0686_1.01
AT3G54810	BME3	PWM2614	JASPAR	MA1017.1
AT3G54990	SMZ	PWM1374	CisBP	M2216_1.01
AT3G54990	SMZ	PWM2153	JASPAR	MA0553.1
AT3G55370	OBP3	PWM2999	DAP-seq	OBP3_col
AT3G56400	ATWRKY70	PWM3564	DAP-seq	WRKY70_col
AT3G56400	ATWRKY70	PWM891	CisBP	M1567_1.01
AT3G56660	BZIP49	PWM884	CisBP	M0259_1.01
AT3G56850	AREB3	PWM2906	DAP-seq	AREB3_col
AT3G57230	AGL16	PWM3202	DAP-seq	AGL16_col
AT3G57600	AT3G57600	PWM2761	DAP-seq	AT3G57600_col
AT3G57600	AT3G57600	PWM953	CisBP	M1813_1.01
AT3G57920	SPL15	PWM1079	CisBP	M1446_1.01
AT3G57920	SPL15	PWM3456	DAP-seq	SPL15_col
AT3G58630	AT3G58630	PWM3500	DAP-seq	AT3G58630_col
AT3G58710	ATWRKY69	PWM1260	CisBP	M1548_1.01
AT3G58780	AGL1	PWM2184	JASPAR	MA0585.1
AT3G58780	AGL1	PWM6	AGRIS	
AT3G58780	AGL1	PWM965	CisBP	M2248_1.01
AT3G59060	PIF5	PWM2162	JASPAR	MA0562.1
AT3G59060	PIF5	PWM904	CisBP	M2225_1.01
AT3G60030	SPL12	PWM2653	JASPAR	MA1057.1
AT3G60030	SPL12	PWM984	CisBP	M1443_1.01
AT3G60390	HAT3	PWM1533	CisBP	M0764_1.01
AT3G60490	AT3G60490	PWM2762	DAP-seq	AT3G60490_col
AT3G60530	GATA4	PWM1070	CisBP	M0687_1.01
AT3G60530	GATA4	PWM3015	DAP-seq	GATA4_col
AT3G60530	GATA4	PWM427	AthaMAP	T05708
AT3G60530	GATA4	PWM597	AthaMAP	T05708
AT3G60530	GATA4	PWM646	AthaMAP	T05708
AT3G60530	GATA4	PWM710	AthaMAP	T05708
AT3G60580	At3g60580	PWM1038	CisBP	M0352_1.01
AT3G60580	At3g60580	PWM3030	DAP-seq	AT3G60580_col
AT3G61120	AGL13	PWM3199	DAP-seq	AGL13_col
AT3G61150	HDG1	PWM1502	CisBP	M0766_1.01
AT3G61150	HDG1	PWM3164	DAP-seq	HDG1_col
AT3G61630	CRF6	PWM925	CisBP	M0033_1.01
AT3G61890	ATHB12	PWM1106	CisBP	M0765_1.01
AT3G61890	ATHB12	PWM1576	PBM	
AT3G61890	ATHB12	PWM2549	JASPAR	MA0950.1
AT3G61910	ANAC066	PWM2706	UNIPROBE	UP00575
AT3G61910	ANAC066	PWM2707	UNIPROBE	UP00575
AT3G61910	ANAC066	PWM837	CisBP	M1304_1.01
AT3G62340	AtWRKY68	PWM1139	CisBP	M1559_1.01
AT3G62420	ATBZIP53	PWM2925	DAP-seq	BZIP53_col
AT4G00050	UNE10	PWM1001	CisBP	M0157_1.01
AT4G00050	UNE10	PWM2669	JASPAR	MA1074.1
AT4G00180	YAB3	PWM855	CisBP	M1453_1.01
AT4G00238	AT4G00238	PWM895	CisBP	M1493_1.01
AT4G00250	AT4G00250	PWM3125	DAP-seq	AT4G00250_col
AT4G00250	AT4G00250	PWM896	CisBP	M1493_1.01
AT4G00270	AT4G00270	PWM1488	CisBP	M1494_1.01
AT4G00270	AT4G00270	PWM1489	CisBP	M1494_1.01
AT4G00730	AHDP	PWM1503	CisBP	M0766_1.01
AT4G00730	AHDP	PWM3129	DAP-seq	ANL2_col
AT4G01120	ATBZIP54	PWM1232	CisBP	M0262_1.01
AT4G01120	ATBZIP54	PWM1233	CisBP	M0262_1.01
AT4G01250	AtWRKY22	PWM3524	DAP-seq	WRKY22_col
AT4G01250	AtWRKY22	PWM832	CisBP	M1560_1.01
AT4G01280	At4g01280	PWM1200	CisBP	M1205_1.01
AT4G01280	At4g01280	PWM3317	DAP-seq	AT4G01280_col
AT4G01500	NGA4	PWM2727	DAP-seq	NGA4_col
AT4G01540	ANAC068	PWM3415	DAP-seq	NTM1_col
AT4G01550	ANAC069	PWM3417	DAP-seq	NTM2_col
AT4G01680	AtMYB55	PWM1388	PBM	
AT4G01680	AtMYB55	PWM1554	PBM	
AT4G01680	AtMYB55	PWM2637	JASPAR	MA1041.1
AT4G01680	AtMYB55	PWM3262	DAP-seq	MYB55_col
AT4G01720	AtWRKY47	PWM1328	CisBP	M1561_1.01
AT4G01720	AtWRKY47	PWM3554	DAP-seq	WRKY47_col
AT4G02590	UNE12	PWM1024	CisBP	M0247_1.01
AT4G02670	AtIDD12	PWM1454	CisBP	M1810_1.01
AT4G04450	AtWRKY42	PWM1329	CisBP	M1561_1.01
AT4G04450	AtWRKY42	PWM3546	DAP-seq	WRKY42_col
AT4G04770	ABC1	PWM2704	UNIPROBE	UP00574
AT4G04770	ABC1	PWM2705	UNIPROBE	UP00574
AT4G04890	PDF2	PWM504	AthaMAP	T06614
AT4G05100	AtMYB74	PWM3280	DAP-seq	MYB74_col
AT4G06746	DEAR5	PWM2798	DAP-seq	DEAR5_col
AT4G06746	DEAR5	PWM910	CisBP	M0075_1.01
AT4G08150	BP	PWM1039	CisBP	M1118_1.01
AT4G09180	FBH2	PWM1532	CisBP	M0226_1.01
AT4G09460	AtMYB6	PWM1354	CisBP	M1237_1.01
AT4G09820	AtTT8	PWM1291	CisBP	M0151_1.01
AT4G10350	ANAC070	PWM1276	CisBP	M1318_1.01
AT4G10350	ANAC070	PWM3379	DAP-seq	ANAC070_col
AT4G11070	AtWRKY41	PWM892	CisBP	M1567_1.01
AT4G11080	3xHMG-box1	PWM3145	DAP-seq	3XHMGBOX1_col
AT4G11140	CRF1	PWM1413	CisBP	M0029_1.01
AT4G11660	AT-HSFB2B	PWM3172	DAP-seq	HSF7_col
AT4G12020	ATWRKY19	PWM1176	CisBP	M1557_1.01
AT4G12670	AT4G12670	PWM3319	DAP-seq	AT4G12670_col
AT4G13620	AT4G13620	PWM1013	CisBP	M0016_1.01
AT4G13640	UNE16	PWM1524	CisBP	M1230_1.01
AT4G14410	bHLH104	PWM1300	CisBP	M0158_1.01
AT4G14410	bHLH104	PWM2559	JASPAR	MA0960.1
AT4G14410	bHLH104	PWM2877	DAP-seq	BHLH104_col
AT4G14465	AHL20	PWM1549	PBM	
AT4G14465	AHL20	PWM1606	PBM	
AT4G14465	AHL20	PWM2532	JASPAR	MA0933.1
AT4G14465	AHL20	PWM880	PBM	
AT4G14770	ATTCX2	PWM1536	CisBP	M0525_1.01
AT4G14770	ATTCX2	PWM3079	DAP-seq	TCX2_col
AT4G15090	FAR1	PWM3092	DAP-seq	FAR1_col
AT4G16110	ARR2	PWM1377	CisBP	M1233_1.01
AT4G16110	ARR2	PWM1378	CisBP	M1233_1.01
AT4G16110	ARR2	PWM2548	JASPAR	MA0949.1
AT4G16110	ARR2	PWM46	AthaMAP	T04730
AT4G16110	ARR2	PWM532	AthaMAP	T04730
AT4G16110	ARR2	PWM670	AthaMAP	T04730
AT4G16141	AT4G16141	PWM1213	CisBP	M0682_1.01
AT4G16150	CAMTA5	PWM3072	DAP-seq	CAMTA5_col
AT4G16150	CAMTA5	PWM493	AthaMAP	
AT4G16430	JAM3	PWM2556	JASPAR	MA0957.1
AT4G16750	At4g16750	PWM1444	CisBP	M0026_1.01
AT4G16750	At4g16750	PWM2593	JASPAR	MA0995.1
AT4G16750	At4g16750	PWM2764	DAP-seq	AT4G16750_col
AT4G16780	ATHB2	PWM1315	CisBP	M0761_1.01
AT4G16780	ATHB2	PWM190	AGRIS	
AT4G17460	HAT1	PWM1239	CisBP	M0767_1.01
AT4G17460	HAT1	PWM2621	JASPAR	MA1024.1
AT4G17490	ATERF6	PWM1438	CisBP	M0027_1.01
AT4G17490	ATERF6	PWM2603	JASPAR	MA1006.1
AT4G17490	ATERF6	PWM2830	DAP-seq	ERF6_col
AT4G17500	ATERF-1	PWM1172	CisBP	M0028_1.01
AT4G17500	ATERF-1	PWM522	AthaMAP	T04633
AT4G17500	ATERF-1	PWM57	AthaMAP	T04633
AT4G17570	GATA26	PWM907	CisBP	M0688_1.01
AT4G17695	KAN3	PWM1219	CisBP	M1242_1.01
AT4G17785	MYB39	PWM3246	DAP-seq	MYB39_col
AT4G17880	MYC4	PWM1272	CisBP	M2232_1.01
AT4G17880	MYC4	PWM1468	CisBP	M0159_1.01
AT4G17880	MYC4	PWM2169	JASPAR	MA0569.1
AT4G17950	AHL13	PWM1434	CisBP	M0119_1.01
AT4G17980	anac071	PWM3381	DAP-seq	ANAC071_col
AT4G18020	APRR2	PWM940	CisBP	M1234_1.01
AT4G18170	ATWRKY28	PWM1089	CisBP	M1568_1.01
AT4G18170	ATWRKY28	PWM3534	DAP-seq	WRKY28_col
AT4G18390	TCP2	PWM2660	JASPAR	MA1064.1
AT4G18390	TCP2	PWM860	CisBP	M1518_1.01
AT4G18450	AT4G18450	PWM1304	CisBP	M0017_1.01
AT4G18450	AT4G18450	PWM2766	DAP-seq	AT4G18450_col
AT4G18770	AtMYB98	PWM1051	CisBP	M1235_1.01
AT4G18770	AtMYB98	PWM194	AthaMAP	T04708
AT4G18770	AtMYB98	PWM26	AthaMAP	T04708
AT4G18770	AtMYB98	PWM293	AthaMAP	T04708
AT4G18770	AtMYB98	PWM3297	DAP-seq	MYB98_col
AT4G18770	AtMYB98	PWM330	AthaMAP	T04708
AT4G18770	AtMYB98	PWM484	AthaMAP	T04708
AT4G18770	AtMYB98	PWM540	AthaMAP	T04708
AT4G18770	AtMYB98	PWM650	AthaMAP	T04708
AT4G18770	AtMYB98	PWM656	AthaMAP	T04708
AT4G18880	AT-HSFA4A	PWM3169	DAP-seq	HSF21_col
AT4G18890	At4g18890	PWM2956	DAP-seq	AT4G18890_col
AT4G18960	AG	PWM1435	CisBP	M2476_1.01
AT4G18960	AG	PWM1436	CisBP	M2476_1.01
AT4G18960	AG	PWM1616	JASPAR	MA0005.2
AT4G18960	AG	PWM435	AGRIS	
AT4G18960	AG	PWM517	AGRIS	
AT4G18960	AG	PWM626	AGRIS	
AT4G18960	AG	PWM766	AGRIS	
AT4G18960	AG	PWM863	CisBP	M1710_1.01
AT4G21030	ATDOF4;2	PWM2993	DAP-seq	DOF42_col
AT4G21040	AtDOF4.3	PWM2994	DAP-seq	DOF43_col
AT4G21080	AtDOF4.5	PWM2996	DAP-seq	DOF45_col
AT4G21330	DYT1	PWM2179	JASPAR	MA0580.1
AT4G21330	DYT1	PWM981	CisBP	M2243_1.01
AT4G21750	ATML1	PWM1129	CisBP	M0768_1.01
AT4G21750	ATML1	PWM505	AthaMAP	T04097
AT4G21895	AT4G21895	PWM871	CisBP	M0121_1.01
AT4G22070	ATWRKY31	PWM1330	CisBP	M1561_1.01
AT4G22070	ATWRKY31	PWM3540	DAP-seq	WRKY31_col
AT4G23550	ATWRKY29	PWM3536	DAP-seq	WRKY29_col
AT4G23550	ATWRKY29	PWM913	CisBP	M1562_1.01
AT4G23750	CRF2	PWM1414	CisBP	M0029_1.01
AT4G23750	CRF2	PWM1415	CisBP	M0029_1.01
AT4G23750	CRF2	PWM2574	JASPAR	MA0975.1
AT4G23810	ATWRKY53	PWM893	CisBP	M1567_1.01
AT4G24020	NLP7	PWM3449	DAP-seq	NLP7_col
AT4G24240	ATWRKY7	PWM1265	CisBP	M1552_1.01
AT4G24240	ATWRKY7	PWM3568	DAP-seq	WRKY7_col
AT4G24470	GATA25	PWM1112	CisBP	M0683_1.01
AT4G24470	GATA25	PWM3017	DAP-seq	ZIM_col
AT4G24540	AGL24	PWM1492	CisBP	M2218_1.01
AT4G24540	AGL24	PWM1493	CisBP	M2218_1.01
AT4G24540	AGL24	PWM797	AthaMAP	
AT4G24540	AGL24	PWM99	AthaMAP	
AT4G25470	ATCBF2	PWM114	AthaMAP	T04824
AT4G25470	ATCBF2	PWM1228	CisBP	M0030_1.01
AT4G25470	ATCBF2	PWM1229	CisBP	M0030_1.01
AT4G25470	ATCBF2	PWM2584	JASPAR	MA0985.1
AT4G25470	ATCBF2	PWM2779	DAP-seq	CBF2_col
AT4G25470	ATCBF2	PWM35	AthaMAP	T04824
AT4G25470	ATCBF2	PWM543	AGRIS	
AT4G25470	ATCBF2	PWM723	AGRIS	
AT4G25480	ATCBF3	PWM113	AthaMAP	T02643
AT4G25480	ATCBF3	PWM117	AthaMAP	T02643
AT4G25480	ATCBF3	PWM1540	CisBP	M0031_1.01
AT4G25480	ATCBF3	PWM160	AthaMAP	T02643
AT4G25480	ATCBF3	PWM165	AthaMAP	T02643
AT4G25480	ATCBF3	PWM2570	JASPAR	MA0971.1
AT4G25480	ATCBF3	PWM2781	DAP-seq	CBF3_col
AT4G25480	ATCBF3	PWM33	AthaMAP	T02643
AT4G25480	ATCBF3	PWM455	AthaMAP	T02643
AT4G25480	ATCBF3	PWM550	AthaMAP	T02643
AT4G25480	ATCBF3	PWM706	AthaMAP	T02643
AT4G25480	ATCBF3	PWM899	CisBP	M0032_1.01
AT4G25490	ATCBF1	PWM115	AthaMAP	T02636
AT4G25490	ATCBF1	PWM1541	CisBP	M0031_1.01
AT4G25490	ATCBF1	PWM2777	DAP-seq	CBF1_col
AT4G25490	ATCBF1	PWM36	AthaMAP	T02636
AT4G25490	ATCBF1	PWM413	AGRIS	
AT4G26030	AT4G26030	PWM3031	DAP-seq	AT4G26030_col
AT4G26150	CGA1	PWM1214	CisBP	M0682_1.01
AT4G26440	ATWRKY34	PWM1282	CisBP	M1571_1.01
AT4G26640	AtWRKY20	PWM1283	CisBP	M1571_1.01
AT4G26640	AtWRKY20	PWM3521	DAP-seq	WRKY20_col
AT4G27410	ANAC072	PWM348	AthaMAP	T07624
AT4G27900	AT4G27900	PWM2961	DAP-seq	AT4G27900_col
AT4G27950	CRF4	PWM2575	JASPAR	MA0976.1
AT4G27950	CRF4	PWM2789	DAP-seq	CRF4_col
AT4G27950	CRF4	PWM926	CisBP	M0033_1.01
AT4G28110	AtMYB41	PWM3253	DAP-seq	MYB41_col
AT4G28140	AT4G28140	PWM1014	CisBP	M0016_1.01
AT4G28140	AT4G28140	PWM2767	DAP-seq	AT4G28140_col
AT4G28500	ANAC073	PWM3420	DAP-seq	SND2_col
AT4G28610	AtPHR1	PWM1033	CisBP	M1236_1.01
AT4G28790	AT4G28790	PWM1083	CisBP	M0155_1.01
AT4G28800	AT4G28800	PWM1084	CisBP	M0155_1.01
AT4G28811	AT4G28811	PWM1085	CisBP	M0155_1.01
AT4G28815	AT4G28815	PWM1086	CisBP	M0155_1.01
AT4G29000	AT4G29000	PWM1141	CisBP	M0526_1.01
AT4G29230	anac075	PWM3383	DAP-seq	ANAC075_col
AT4G29940	PRHA	PWM255	AGRIS	
AT4G29940	PRHA	PWM256	AGRIS	
AT4G30080	ARF16	PWM2862	DAP-seq	ARF16_col
AT4G30935	ATWRKY32	PWM1177	CisBP	M1557_1.01
AT4G30980	LRL2	PWM1025	CisBP	M0247_1.01
AT4G30980	LRL2	PWM2890	DAP-seq	BHLH69_col
AT4G31060	At4g31060	PWM1380	CisBP	M0014_1.01
AT4G31060	At4g31060	PWM2769	DAP-seq	AT4G31060_col
AT4G31550	ATWRKY11	PWM1154	CisBP	M1563_1.01
AT4G31550	ATWRKY11	PWM154	AthaMAP	
AT4G31550	ATWRKY11	PWM235	AthaMAP	
AT4G31550	ATWRKY11	PWM3512	DAP-seq	WRKY11_col
AT4G31550	ATWRKY11	PWM376	AthaMAP	
AT4G31550	ATWRKY11	PWM434	AthaMAP	
AT4G31550	ATWRKY11	PWM463	AthaMAP	
AT4G31550	ATWRKY11	PWM485	AthaMAP	
AT4G31550	ATWRKY11	PWM692	AthaMAP	
AT4G31610	ATREM1	PWM1345	PBM	
AT4G31610	ATREM1	PWM1602	PBM	
AT4G31800	ATWRKY18	PWM1114	CisBP	M1564_1.01
AT4G31800	ATWRKY18	PWM1580	PBM	
AT4G31800	ATWRKY18	PWM2672	JASPAR	MA1077.1
AT4G31800	ATWRKY18	PWM3519	DAP-seq	WRKY18_col
AT4G31800	ATWRKY18	PWM363	AthaMAP	T04725
AT4G31800	ATWRKY18	PWM491	AthaMAP	T04725
AT4G31800	ATWRKY18	PWM542	AthaMAP	T04725
AT4G31800	ATWRKY18	PWM602	AthaMAP	T04725
AT4G31800	ATWRKY18	PWM676	AthaMAP	T04725
AT4G31800	ATWRKY18	PWM745	AthaMAP	T04725
AT4G31920	ARR10	PWM1730	JASPAR	MA0121.1
AT4G31920	ARR10	PWM903	CisBP	M1811_1.01
AT4G32040	KNAT5	PWM1162	CisBP	M0771_1.01
AT4G32730	ATMYB3R1	PWM3248	DAP-seq	MYB3R1_col
AT4G32800	At4g32800	PWM1146	CisBP	M0034_1.01
AT4G32800	At4g32800	PWM2594	JASPAR	MA0996.1
AT4G32800	At4g32800	PWM2771	DAP-seq	AT4G32800_col
AT4G32880	ATHB8	PWM1459	CisBP	M2236_1.01
AT4G32890	GATA9	PWM1091	CisBP	M0689_1.01
AT4G32890	GATA9	PWM2615	JASPAR	MA1018.1
AT4G33280	AT4G33280	PWM2728	DAP-seq	REM16_col
AT4G34000	ABF3	PWM2529	JASPAR	MA0930.1
AT4G34000	ABF3	PWM954	CisBP	M0263_1.01
AT4G34410	RRTF1	PWM1562	PBM	
AT4G34410	RRTF1	PWM2649	JASPAR	MA1053.1
AT4G34410	RRTF1	PWM2857	DAP-seq	RRTF1_col
AT4G34410	RRTF1	PWM963	PBM	
AT4G34410	RRTF1	PWM985	PBM	
AT4G34530	CIB1	PWM1343	CisBP	M0249_1.01
AT4G34590	ATB2	PWM2934	DAP-seq	GBF6_col
AT4G34680	GATA3	PWM1295	CisBP	M0690_1.01
AT4G34680	GATA3	PWM428	AthaMAP	T05707
AT4G34680	GATA3	PWM598	AthaMAP	T05707
AT4G34680	GATA3	PWM647	AthaMAP	T05707
AT4G34680	GATA3	PWM711	AthaMAP	T05707
AT4G34990	AtMYB32	PWM1355	CisBP	M1237_1.01
AT4G35040	bZIP19	PWM229	AthaMAP	
AT4G35040	bZIP19	PWM725	AthaMAP	
AT4G35390	AGF1	PWM1042	PBM	
AT4G35390	AGF1	PWM1060	PBM	
AT4G35390	AGF1	PWM1608	PBM	
AT4G35390	AGF1	PWM2533	JASPAR	MA0934.1
AT4G35550	ATWOX13	PWM1093	PBM	
AT4G35550	ATWOX13	PWM1241	CisBP	M0769_1.01
AT4G35550	ATWOX13	PWM1574	PBM	
AT4G35580	CBNAC	PWM1477	CisBP	M1305_1.01
AT4G35580	CBNAC	PWM2642	JASPAR	MA1046.1
AT4G35610	AT4G35610	PWM1585	PBM	
AT4G36160	ANAC076	PWM1191	CisBP	M1313_1.01
AT4G36160	ANAC076	PWM3425	DAP-seq	VND2_col
AT4G36240	GATA7	PWM1222	CisBP	M0691_1.01
AT4G36540	BEE2	PWM2555	JASPAR	MA0956.1
AT4G36540	BEE2	PWM964	CisBP	M0160_1.01
AT4G36620	GATA19	PWM3009	DAP-seq	GATA19_col
AT4G36730	AtGBF1	PWM1292	CisBP	M0264_1.01
AT4G36740	ATHB40	PWM3134	DAP-seq	ATHB40_col
AT4G36780	At4g36780	PWM2958	DAP-seq	AT4G36780_col
AT4G36900	DEAR4	PWM1195	PBM	
AT4G36900	DEAR4	PWM1570	PBM	
AT4G36900	DEAR4	PWM2579	JASPAR	MA0980.1
AT4G36900	DEAR4	PWM2849	DAP-seq	RAP210_col
AT4G36900	DEAR4	PWM911	CisBP	M0075_1.01
AT4G36930	SPT	PWM1293	CisBP	M0161_1.01
AT4G36930	SPT	PWM2657	JASPAR	MA1061.1
AT4G36990	ATHSF4	PWM628	AthaMAP	
AT4G37180	AT4G37180	PWM3117	DAP-seq	AT4G37180_col
AT4G37260	ATMYB73	PWM1307	CisBP	M1215_1.01
AT4G37260	ATMYB73	PWM3279	DAP-seq	MYB73_col
AT4G37750	ANT	PWM2171	JASPAR	MA0571.1
AT4G37750	ANT	PWM961	CisBP	M2501_1.01
AT4G37790	HAT22	PWM1316	CisBP	M0761_1.01
AT4G37790	HAT22	PWM3160	DAP-seq	HAT22_col
AT4G38000	At4g38000	PWM2978	DAP-seq	AT4G38000_col
AT4G38000	At4g38000	PWM941	CisBP	M0577_1.01
AT4G38170	FRS9	PWM3437	DAP-seq	FRS9_col
AT4G38620	ATMYB4	PWM1356	CisBP	M1237_1.01
AT4G38620	ATMYB4	PWM1357	CisBP	M1237_1.01
AT4G38620	ATMYB4	PWM2635	JASPAR	MA1039.1
AT4G38620	ATMYB4	PWM3259	DAP-seq	MYB4_col
AT4G38620	ATMYB4	PWM469	AGRIS	
AT4G38680	ATCSP2	PWM1174	CisBP	M0518_1.01
AT4G38910	ATBPC5	PWM2872	DAP-seq	BPC5_col
AT4G39410	ATWRKY13	PWM1100	CisBP	M1550_1.01
AT4G39780	AT4G39780	PWM1015	CisBP	M0016_1.01
AT4G40060	ATHB16	PWM1270	CisBP	M0770_1.01
AT4G40060	ATHB16	PWM2550	JASPAR	MA0951.1
AT5G01380	GT3a	PWM3509	DAP-seq	GT3A_col
AT5G01900	ATWRKY62	PWM1151	CisBP	M1565_1.01
AT5G01900	ATWRKY62	PWM2685	JASPAR	MA1091.1
AT5G01900	ATWRKY62	PWM601	AthaMAP	
AT5G02030	BLH9	PWM333	AGRIS	
AT5G02030	BLH9	PWM611	AGRIS	
AT5G02030	BLH9	PWM788	AGRIS	
AT5G02320	ATMYB3R5	PWM3251	DAP-seq	MYB3R5_col
AT5G02460	AT5G02460	PWM2980	DAP-seq	AT5G02460_col
AT5G02840	LCL1	PWM1201	CisBP	M1205_1.01
AT5G02840	LCL1	PWM3336	DAP-seq	LCL1_col
AT5G03150	JKD	PWM1455	CisBP	M1810_1.01
AT5G03150	JKD	PWM3047	DAP-seq	JKD_col
AT5G03510	AT5G03510	PWM1587	PBM	
AT5G03790	ATHB51	PWM1577	PBM	
AT5G03790	ATHB51	PWM2551	JASPAR	MA0952.1
AT5G03790	ATHB51	PWM3141	DAP-seq	LMI1_col
AT5G04340	C2H2	PWM1075	CisBP	M0350_1.01
AT5G04340	C2H2	PWM1586	PBM	
AT5G04390	At5g04390	PWM1140	CisBP	M0355_1.01
AT5G04390	At5g04390	PWM3032	DAP-seq	AT5G04390_col
AT5G04410	anac078	PWM1168	CisBP	M1306_1.01
AT5G04760	AT5G04760	PWM820	CisBP	M1238_1.01
AT5G04760	AT5G04760	PWM821	CisBP	M1238_1.01
AT5G05090	AT5G05090	PWM1031	CisBP	M1239_1.01
AT5G05410	DREB2	PWM116	AthaMAP	T02646
AT5G05410	DREB2	PWM159	AthaMAP	T02646
AT5G05410	DREB2	PWM164	AthaMAP	T02646
AT5G05410	DREB2	PWM2803	DAP-seq	DREB2_col
AT5G05410	DREB2	PWM32	AthaMAP	T02646
AT5G05410	DREB2	PWM454	AthaMAP	T02646
AT5G05410	DREB2	PWM549	AthaMAP	T02646
AT5G05410	DREB2	PWM705	AthaMAP	T02646
AT5G05550	AT5G05550	PWM3502	DAP-seq	AT5G05550_col
AT5G05790	At5g05790	PWM3321	DAP-seq	AT5G05790_col
AT5G06070	RAB	PWM972	CisBP	M0356_1.01
AT5G06100	ATMYB33	PWM1256	CisBP	M1240_1.01
AT5G06100	ATMYB33	PWM3245	DAP-seq	MYB33_col
AT5G06710	HAT14	PWM1317	CisBP	M0761_1.01
AT5G06839	bZIP65	PWM1408	CisBP	M0261_1.01
AT5G06839	bZIP65	PWM1409	CisBP	M0261_1.01
AT5G06839	bZIP65	PWM2937	DAP-seq	TGA10_col
AT5G06950	AHBP-1B	PWM1448	PBM	
AT5G06950	AHBP-1B	PWM1599	PBM	
AT5G06950	AHBP-1B	PWM2664	JASPAR	MA1068.1
AT5G06950	AHBP-1B	PWM2941	DAP-seq	TGA2_col
AT5G06950	AHBP-1B	PWM973	CisBP	M0265_1.01
AT5G06960	OBF5	PWM192	AGRIS	
AT5G06960	OBF5	PWM2643	JASPAR	MA1047.1
AT5G06960	OBF5	PWM2947	DAP-seq	TGA5_col
AT5G06960	OBF5	PWM986	CisBP	M0266_1.01
AT5G07100	WRKY26	PWM140	AthaMAP	
AT5G07100	WRKY26	PWM234	AthaMAP	
AT5G07100	WRKY26	PWM260	AthaMAP	
AT5G07100	WRKY26	PWM3530	DAP-seq	WRKY26_col
AT5G07100	WRKY26	PWM408	AthaMAP	
AT5G07100	WRKY26	PWM538	AthaMAP	
AT5G07100	WRKY26	PWM641	AthaMAP	
AT5G07100	WRKY26	PWM690	AthaMAP	
AT5G07310	ERF115	PWM1285	CisBP	M0036_1.01
AT5G07310	ERF115	PWM2811	DAP-seq	ERF115_col
AT5G07580	AT5G07580	PWM1359	CisBP	M0035_1.01
AT5G07680	ANAC079	PWM1538	CisBP	M1307_1.01
AT5G07680	ANAC079	PWM2538	JASPAR	MA0939.1
AT5G07680	ANAC079	PWM3384	DAP-seq	ANAC079_col
AT5G08070	TCP17	PWM3481	DAP-seq	TCP17_col
AT5G08070	TCP17	PWM920	CisBP	M1525_1.01
AT5G08130	BIM1	PWM2563	JASPAR	MA0964.1
AT5G08130	BIM1	PWM2896	DAP-seq	BIM1_col
AT5G08130	BIM1	PWM918	CisBP	M0162_1.01
AT5G08130	BIM1	PWM919	CisBP	M0162_1.01
AT5G08330	At5g08330	PWM3474	DAP-seq	AT5G08330_col
AT5G08330	At5g08330	PWM992	CisBP	M1527_1.01
AT5G08520	At5g08520	PWM1298	CisBP	M1241_1.01
AT5G08520	At5g08520	PWM3322	DAP-seq	AT5G08520_col
AT5G08750	At5g08750	PWM3064	DAP-seq	AT5G08750_col
AT5G09410	CAMTA1	PWM3071	DAP-seq	CAMTA1_col
AT5G09410	CAMTA1	PWM494	AthaMAP	
AT5G10030	OBF4	PWM1040	CisBP	M0267_1.01
AT5G10030	OBF4	PWM1041	CisBP	M0267_1.01
AT5G10030	OBF4	PWM2945	DAP-seq	TGA4_col
AT5G10140	AGL25	PWM2158	JASPAR	MA0558.1
AT5G10140	AGL25	PWM3204	DAP-seq	AGL25_col
AT5G10140	AGL25	PWM48	AthaMAP	
AT5G10140	AGL25	PWM50	AthaMAP	
AT5G10140	AGL25	PWM510	AthaMAP	
AT5G10280	ATMYB64	PWM3290	DAP-seq	MYB92_col
AT5G10510	AIL6	PWM2846	DAP-seq	PLT3_col
AT5G11060	KNAT4	PWM1163	CisBP	M0771_1.01
AT5G11190	SHN2	PWM886	CisBP	M0006_1.01
AT5G11260	HY5	PWM147	AthaMAP	T10638
AT5G11260	HY5	PWM2151	JASPAR	MA0551.1
AT5G11260	HY5	PWM223	AthaMAP	T10638
AT5G11260	HY5	PWM331	AthaMAP	T10638
AT5G11260	HY5	PWM336	AthaMAP	T10638
AT5G11260	HY5	PWM377	AthaMAP	T10638
AT5G11260	HY5	PWM419	AthaMAP	T10638
AT5G11260	HY5	PWM623	AthaMAP	T10638
AT5G11260	HY5	PWM663	AthaMAP	T10638
AT5G11260	HY5	PWM698	AthaMAP	T10638
AT5G11260	HY5	PWM800	AthaMAP	T10638
AT5G11260	HY5	PWM86	AthaMAP	T10638
AT5G11510	AtMYB3R4	PWM3250	DAP-seq	MYB3R4_col
AT5G11590	TINY2	PWM102	AthaMAP	T07771
AT5G11590	TINY2	PWM1147	CisBP	M0034_1.01
AT5G11590	TINY2	PWM34	AthaMAP	T07771
AT5G11590	TINY2	PWM357	AthaMAP	T07771
AT5G11590	TINY2	PWM443	AthaMAP	T07771
AT5G11590	TINY2	PWM451	AthaMAP	T07771
AT5G11590	TINY2	PWM581	AthaMAP	T07771
AT5G12870	ATMYB46	PWM1387	AthaMAP	
AT5G12870	ATMYB46	PWM1440	PBM	
AT5G12870	ATMYB46	PWM1552	PBM	
AT5G12870	ATMYB46	PWM2636	JASPAR	MA1040.1
AT5G13080	ATWRKY75	PWM1348	CisBP	M1566_1.01
AT5G13080	ATWRKY75	PWM2687	JASPAR	MA1093.1
AT5G13080	ATWRKY75	PWM3566	DAP-seq	WRKY75_col
AT5G13180	ANAC083	PWM1472	CisBP	M1308_1.01
AT5G13180	ANAC083	PWM2639	JASPAR	MA1043.1
AT5G13180	ANAC083	PWM2716	UNIPROBE	UP00580
AT5G13180	ANAC083	PWM2717	UNIPROBE	UP00580
AT5G13180	ANAC083	PWM3386	DAP-seq	ANAC083_col
AT5G13330	Rap2.6L	PWM1286	CisBP	M0036_1.01
AT5G13790	AGL15	PWM1467	CisBP	M2211_1.01
AT5G13790	AGL15	PWM2148	JASPAR	MA0548.1
AT5G13790	AGL15	PWM3200	DAP-seq	AGL15_col
AT5G13790	AGL15	PWM659	AGRIS	
AT5G13910	LEP	PWM2843	DAP-seq	LEP_col
AT5G14340	AtMYB40	PWM3252	DAP-seq	MYB40_col
AT5G14750	ATMYB66	PWM271	AthaMAP	T02580
AT5G14750	ATMYB66	PWM368	AthaMAP	T02580
AT5G14750	ATMYB66	PWM627	AthaMAP	T02580
AT5G14750	ATMYB66	PWM807	AthaMAP	T02580
AT5G14750	ATMYB66	PWM812	AthaMAP	T02580
AT5G14750	ATMYB66	PWM87	AthaMAP	T02580
AT5G14960	DEL2	PWM111	AthaMAP	T06407
AT5G14960	DEL2	PWM3085	DAP-seq	DEL2_col
AT5G14960	DEL2	PWM684	AthaMAP	T06407
AT5G14960	DEL2	PWM700	AthaMAP	T06407
AT5G14960	DEL2	PWM758	AthaMAP	T06407
AT5G14960	DEL2	PWM781	AthaMAP	T06407
AT5G15130	ATWRKY72	PWM1331	CisBP	M1561_1.01
AT5G15150	ATHB3	PWM1419	CisBP	M1102_1.01
AT5G15800	AGL2	PWM206	AGRIS	
AT5G15800	AGL2	PWM2183	JASPAR	MA0584.1
AT5G15800	AGL2	PWM847	CisBP	M2247_1.01
AT5G15830	AtbZIP3	PWM2913	DAP-seq	BZIP3_col
AT5G16560	KAN	PWM1220	CisBP	M1242_1.01
AT5G16560	KAN	PWM1560	PBM	
AT5G16560	KAN	PWM2624	JASPAR	MA1027.1
AT5G16600	AtMYB43	PWM3254	DAP-seq	MYB43_col
AT5G16820	ATHSF3	PWM3170	DAP-seq	HSF3_col
AT5G17300	RVE1	PWM1437	PBM	
AT5G17300	RVE1	PWM1556	PBM	
AT5G17300	RVE1	PWM3340	DAP-seq	RVE1_col
AT5G17490	AtRGL3	PWM1244	CisBP	M0737_1.01
AT5G17800	AtMYB56	PWM3264	DAP-seq	MYB56_col
AT5G18090	AT5G18090	PWM2722	DAP-seq	AT5G18090_col
AT5G18240	ATMYR1	PWM1368	CisBP	M1243_1.01
AT5G18270	ANAC087	PWM3388	DAP-seq	ANAC087_col
AT5G18270	ANAC087	PWM867	CisBP	M1309_1.01
AT5G18450	At5g18450	PWM1365	CisBP	M0015_1.01
AT5G18450	At5g18450	PWM2773	DAP-seq	AT5G18450_col
AT5G18560	PUCHI	PWM2847	DAP-seq	PUCHI_col
AT5G18830	ATSPL7	PWM1115	CisBP	M1444_1.01
AT5G18830	ATSPL7	PWM1116	CisBP	M1444_1.01
AT5G18830	ATSPL7	PWM1579	PBM	
AT5G18830	ATSPL7	PWM182	AthaMAP	T05280
AT5G18830	ATSPL7	PWM2656	JASPAR	MA1060.1
AT5G19790	RAP211	PWM2851	DAP-seq	RAP211_col
AT5G20240	PI	PWM1000	CisBP	M2222_1.01
AT5G20240	PI	PWM2159	JASPAR	MA0559.1
AT5G20730	ARF7	PWM1252	CisBP	M0147_1.01
AT5G21120	EIL2	PWM405	AGRIS	
AT5G21120	EIL2	PWM825	CisBP	M0606_1.01
AT5G21960	AT5G21960	PWM1381	CisBP	M0014_1.01
AT5G22220	ATE2FB	PWM1043	CisBP	M0601_1.01
AT5G22220	ATE2FB	PWM341	AthaMAP	T06393
AT5G22220	ATE2FB	PWM486	AthaMAP	T06393
AT5G22220	ATE2FB	PWM682	AthaMAP	T06393
AT5G22220	ATE2FB	PWM779	AthaMAP	T06393
AT5G22570	ATWRKY38	PWM1152	CisBP	M1565_1.01
AT5G22570	ATWRKY38	PWM139	AthaMAP	
AT5G22570	ATWRKY38	PWM1583	PBM	
AT5G22570	ATWRKY38	PWM233	AthaMAP	
AT5G22570	ATWRKY38	PWM259	AthaMAP	
AT5G22570	ATWRKY38	PWM2678	JASPAR	MA1084.1
AT5G22570	ATWRKY38	PWM537	AthaMAP	
AT5G22570	ATWRKY38	PWM640	AthaMAP	
AT5G22570	ATWRKY38	PWM689	AthaMAP	
AT5G22890	STOP2	PWM3033	DAP-seq	AT5G22890_col
AT5G22990	AT5G22990	PWM3034	DAP-seq	AT5G22990_col
AT5G23280	TCP7	PWM3490	DAP-seq	TCP7_col
AT5G23280	TCP7	PWM993	CisBP	M1527_1.01
AT5G23930	AT5G23930	PWM3213	DAP-seq	AT5G23930_col
AT5G24110	ATWRKY30	PWM2677	JASPAR	MA1083.1
AT5G24110	ATWRKY30	PWM3538	DAP-seq	WRKY30_col
AT5G24110	ATWRKY30	PWM894	CisBP	M1567_1.01
AT5G24590	ANAC091	PWM1478	CisBP	M1305_1.01
AT5G25190	ESE3	PWM2841	DAP-seq	ESE3_col
AT5G25220	KNAT3	PWM1164	CisBP	M0771_1.01
AT5G25390	SHN3	PWM2859	DAP-seq	SHN3_col
AT5G25390	SHN3	PWM887	CisBP	M0006_1.01
AT5G25475	AT5G25475	PWM2723	DAP-seq	AT5G25475_col
AT5G25810	TINY	PWM1148	CisBP	M0034_1.01
AT5G25810	TINY	PWM2860	DAP-seq	TINY_col
AT5G25830	GATA12	PWM1092	CisBP	M0689_1.01
AT5G25830	GATA12	PWM1589	PBM	
AT5G25830	GATA12	PWM2612	JASPAR	MA1015.1
AT5G25830	GATA12	PWM3004	DAP-seq	GATA12_col
AT5G26170	ATWRKY50	PWM1351	CisBP	M1572_1.01
AT5G26170	ATWRKY50	PWM3556	DAP-seq	WRKY50_col
AT5G26920	CBP60G	PWM743	AthaMAP	
AT5G26930	GATA23	PWM1215	CisBP	M0682_1.01
AT5G28300	AtGT2L	PWM1561	PBM	
AT5G28650	ATWRKY74	PWM1266	CisBP	M1552_1.01
AT5G28770	AtbZIP63	PWM1427	CisBP	M0268_1.01
AT5G29000	At5g29000	PWM3119	DAP-seq	AT5G29000_col
AT5G29000	At5g29000	PWM831	CisBP	M1244_1.01
AT5G35550	ATMYB123	PWM662	AGRIS	
AT5G37020	ARF8	PWM1253	CisBP	M0147_1.01
AT5G37020	ARF8	PWM2543	JASPAR	MA0944.1
AT5G37260	CIR1	PWM1021	CisBP	M1267_1.01
AT5G38800	AtbZIP43	PWM2916	DAP-seq	BZIP43_col
AT5G38860	BIM3	PWM1277	CisBP	M0163_1.01
AT5G38860	BIM3	PWM2565	JASPAR	MA0966.1
AT5G38860	BIM3	PWM2900	DAP-seq	BIM3_col
AT5G39610	ANAC092	PWM2640	JASPAR	MA1044.1
AT5G39610	ANAC092	PWM3390	DAP-seq	ANAC092_col
AT5G39610	ANAC092	PWM868	CisBP	M1309_1.01
AT5G39660	CDF2	PWM2572	JASPAR	MA0973.1
AT5G39660	CDF2	PWM909	CisBP	M0578_1.01
AT5G39820	anac094	PWM3392	DAP-seq	ANAC094_col
AT5G40330	ATMYB23	PWM3240	DAP-seq	MYB23_col
AT5G40350	AtMYB24	PWM2633	JASPAR	MA1037.1
AT5G40350	AtMYB24	PWM844	CisBP	M1245_1.01
AT5G41030	AT5G41030	PWM1072	CisBP	M1517_1.01
AT5G41570	ATWRKY24	PWM1349	CisBP	M1566_1.01
AT5G41570	ATWRKY24	PWM3526	DAP-seq	WRKY24_col
AT5G42520	ATBPC6	PWM2874	DAP-seq	BPC6_col
AT5G42630	ATS	PWM1221	CisBP	M1242_1.01
AT5G42630	ATS	PWM1473	PBM	
AT5G42630	ATS	PWM1559	PBM	
AT5G42630	ATS	PWM2625	JASPAR	MA1028.1
AT5G42820	ATU2AF35B	PWM3070	DAP-seq	U2AF35B_col
AT5G43170	AZF3	PWM1076	CisBP	M0350_1.01
AT5G43270	SPL2	PWM852	CisBP	M1439_1.01
AT5G43290	ATWRKY49	PWM1101	CisBP	M1550_1.01
AT5G43410	AT5G43410	PWM2596	JASPAR	MA0998.1
AT5G43410	AT5G43410	PWM876	CisBP	M0037_1.01
AT5G43840	AT-HSFA6A	PWM3176	DAP-seq	HSFA6A_col
AT5G44080	AT5G44080	PWM995	CisBP	M0319_1.01
AT5G44160	AtIDD8	PWM3050	DAP-seq	NUC_col
AT5G44180	RLT2	PWM1143	CisBP	M0757_1.01
AT5G44210	ATERF9	PWM2837	DAP-seq	ERF9_col
AT5G45050	ATWRKY16	PWM1261	CisBP	M1548_1.01
AT5G45260	ATWRKY52	PWM1262	CisBP	M1548_1.01
AT5G45300	BAM8	PWM2875	DAP-seq	BAM8_col
AT5G45580	AT5G45580	PWM3120	DAP-seq	AT5G45580_col
AT5G46350	ATWRKY8	PWM1090	CisBP	M1568_1.01
AT5G46350	ATWRKY8	PWM2688	JASPAR	MA1094.1
AT5G46350	ATWRKY8	PWM2720	UNIPROBE	UP00582
AT5G46350	ATWRKY8	PWM2721	UNIPROBE	UP00582
AT5G46350	ATWRKY8	PWM3570	DAP-seq	WRKY8_col
AT5G46590	anac096	PWM3393	DAP-seq	ANAC096_col
AT5G46760	MYC3	PWM1132	CisBP	M2231_1.01
AT5G46760	MYC3	PWM2168	JASPAR	MA0568.1
AT5G46760	MYC3	PWM879	CisBP	M0164_1.01
AT5G46830	ATNIG1	PWM2885	DAP-seq	BHLH28_col
AT5G46830	ATNIG1	PWM846	CisBP	M0148_1.01
AT5G46880	HB-7	PWM1130	CisBP	M0768_1.01
AT5G46880	HB-7	PWM1131	CisBP	M0768_1.01
AT5G47140	GATA27	PWM857	CisBP	M0692_1.01
AT5G47220	ATERF2	PWM1223	CisBP	M0038_1.01
AT5G47220	ATERF2	PWM2820	DAP-seq	ERF2_col
AT5G47220	ATERF2	PWM523	AthaMAP	T04634
AT5G47220	ATERF2	PWM58	AthaMAP	T04634
AT5G47230	ATERF5	PWM2828	DAP-seq	ERF5_col
AT5G47230	ATERF5	PWM524	AthaMAP	T04637
AT5G47230	ATERF5	PWM59	AthaMAP	T04637
AT5G47230	ATERF5	PWM943	CisBP	M0039_1.01
AT5G47370	HAT2	PWM1240	CisBP	M0767_1.01
AT5G47370	HAT2	PWM3147	DAP-seq	HAT2_col
AT5G47390	At5g47390	PWM3324	DAP-seq	AT5G47390_col
AT5G47390	At5g47390	PWM948	CisBP	M1246_1.01
AT5G47660	AT5G47660	PWM1044	CisBP	M1182_1.01
AT5G47660	AT5G47660	PWM3504	DAP-seq	AT5G47660_col
AT5G48560	AT5G48560	PWM2562	JASPAR	MA0963.1
AT5G48560	AT5G48560	PWM932	CisBP	M0165_1.01
AT5G48670	AGL80	PWM3210	DAP-seq	FEM111_col
AT5G49300	GATA16	PWM1216	CisBP	M0682_1.01
AT5G49300	GATA16	PWM3008	DAP-seq	GATA16_col
AT5G49330	ATMYB111	PWM1235	CisBP	M1207_1.01
AT5G49330	ATMYB111	PWM1446	PBM	
AT5G49330	ATMYB111	PWM1553	PBM	
AT5G49330	ATMYB111	PWM2632	JASPAR	MA1036.1
AT5G49450	AtbZIP1	PWM311	AthaMAP	
AT5G49450	AtbZIP1	PWM437	AthaMAP	
AT5G49450	AtbZIP1	PWM672	AthaMAP	
AT5G49520	ATWRKY48	PWM2682	JASPAR	MA1088.1
AT5G49520	ATWRKY48	PWM817	CisBP	M1569_1.01
AT5G50080	ERF110	PWM1017	CisBP	M0010_1.01
AT5G50570	SPL13	PWM1080	CisBP	M1446_1.01
AT5G50570	SPL13	PWM3454	DAP-seq	SPL13_col
AT5G50670	SPL13	PWM1081	CisBP	M1446_1.01
AT5G50915	AT5G50915	PWM933	CisBP	M0165_1.01
AT5G51190	ERF105	PWM2598	JASPAR	MA1000.1
AT5G51190	ERF105	PWM2807	DAP-seq	ERF105_col
AT5G51190	ERF105	PWM814	CisBP	M0040_1.01
AT5G51910	AT5G51910	PWM1310	CisBP	M1519_1.01
AT5G51910	AT5G51910	PWM2659	JASPAR	MA1063.1
AT5G51990	CBF4	PWM1542	CisBP	M0031_1.01
AT5G51990	CBF4	PWM2783	DAP-seq	CBF4_col
AT5G52020	AT5G52020	PWM1445	CisBP	M0026_1.01
AT5G52170	HDG7	PWM3140	DAP-seq	HDG7_col
AT5G52660	At5g52660	PWM1202	CisBP	M1205_1.01
AT5G52660	At5g52660	PWM3326	DAP-seq	AT5G52660_col
AT5G52830	ATWRKY27	PWM1400	CisBP	M1570_1.01
AT5G52830	ATWRKY27	PWM3532	DAP-seq	WRKY27_col
AT5G53290	CRF3	PWM934	CisBP	M0041_1.01
AT5G53660	AtGRF7	PWM27	AthaMAP	
AT5G53950	ANAC098	PWM3402	DAP-seq	CUC2_col
AT5G53950	ANAC098	PWM869	CisBP	M1309_1.01
AT5G54230	AtMYB49	PWM3257	DAP-seq	MYB49_col
AT5G54680	bHLH105	PWM1375	CisBP	M0166_1.01
AT5G56110	AtMYB103	PWM238	AthaMAP	
AT5G56110	AtMYB103	PWM3218	DAP-seq	MS188_col
AT5G56110	AtMYB103	PWM466	AthaMAP	
AT5G56110	AtMYB103	PWM528	AthaMAP	
AT5G56110	AtMYB103	PWM592	AthaMAP	
AT5G56110	AtMYB103	PWM810	AthaMAP	
AT5G56270	ATWRKY2	PWM1284	CisBP	M1571_1.01
AT5G56270	ATWRKY2	PWM2673	JASPAR	MA1078.1
AT5G56840	AT5G56840	PWM3328	DAP-seq	AT5G56840_col
AT5G56860	GATA21	PWM1217	CisBP	M0682_1.01
AT5G56930	EMB1789	PWM3068	DAP-seq	EMB1789_col
AT5G57150	AT5G57150	PWM898	CisBP	M0149_1.01
AT5G57620	AtMYB36	PWM1054	CisBP	M2239_1.01
AT5G58010	LRL3	PWM1026	CisBP	M0247_1.01
AT5G58080	ARR18	PWM1510	CisBP	M1247_1.01
AT5G58080	ARR18	PWM2547	JASPAR	MA0948.1
AT5G58620	TZF9	PWM3069	DAP-seq	TZF9_col
AT5G58850	ATMYB119	PWM3233	DAP-seq	MYB119_col
AT5G58900	AT5G58900	PWM3330	DAP-seq	AT5G58900_col
AT5G59430	ATTRP1	PWM3344	DAP-seq	TRP1_col
AT5G59570	BOA	PWM1032	CisBP	M1239_1.01
AT5G59780	ATMYB59	PWM1551	PBM	
AT5G59780	ATMYB59	PWM2638	JASPAR	MA1042.1
AT5G59820	AtZAT12	PWM1367	CisBP	M0357_1.01
AT5G59990	AT5G59990	PWM2962	DAP-seq	AT5G59990_col
AT5G60120	TOE2	PWM1395	PBM	
AT5G60120	TOE2	PWM1417	PBM	
AT5G60120	TOE2	PWM1572	PBM	
AT5G60130	AT5G60130	PWM2724	DAP-seq	AT5G60130_col
AT5G60200	TMO6	PWM2667	JASPAR	MA1071.1
AT5G60200	TMO6	PWM939	CisBP	M0579_1.01
AT5G60450	ARF4	PWM1254	CisBP	M0147_1.01
AT5G60690	IFL	PWM1460	CisBP	M2236_1.01
AT5G60850	OBP4	PWM1391	CisBP	M0581_1.01
AT5G60850	OBP4	PWM1501	CisBP	M0580_1.01
AT5G60850	OBP4	PWM3001	DAP-seq	OBP4_col
AT5G60970	TCP5	PWM2663	JASPAR	MA1067.1
AT5G60970	TCP5	PWM937	CisBP	M1520_1.01
AT5G61270	PIF7	PWM1002	CisBP	M0157_1.01
AT5G61270	PIF7	PWM2901	DAP-seq	PIF7_col
AT5G61430	ANAC100	PWM1096	CisBP	M1310_1.01
AT5G61590	AT5G61590	PWM1360	CisBP	M0035_1.01
AT5G61600	ERF104	PWM2805	DAP-seq	ERF104_col
AT5G61600	ERF104	PWM815	CisBP	M0040_1.01
AT5G61620	AT5G61620	PWM3332	DAP-seq	AT5G61620_col
AT5G61850	LFY	PWM181	AthaMAP	
AT5G61850	LFY	PWM2189	JASPAR	MA0590.1
AT5G61850	LFY	PWM325	AthaMAP	
AT5G61850	LFY	PWM446	AthaMAP	
AT5G61850	LFY	PWM576	AthaMAP	
AT5G61850	LFY	PWM608	AthaMAP	
AT5G61850	LFY	PWM615	AGRIS	
AT5G61850	LFY	PWM741	AthaMAP	
AT5G61850	LFY	PWM768	AthaMAP	
AT5G61850	LFY	PWM806	AthaMAP	
AT5G61850	LFY	PWM938	CisBP	M2253_1.01
AT5G61890	AT5G61890	PWM1287	CisBP	M0036_1.01
AT5G62000	ARF1-BP	PWM2863	DAP-seq	ARF2_col
AT5G62020	AT-HSFB2A	PWM1297	PBM	
AT5G62020	AT-HSFB2A	PWM1597	PBM	
AT5G62020	AT-HSFB2A	PWM3171	DAP-seq	HSF6_col
AT5G62165	AGL42	PWM3206	DAP-seq	AGL42_col
AT5G62260	AHL6	PWM1431	CisBP	M0145_1.01
AT5G62320	ATMYB99	PWM3298	DAP-seq	MYB99_col
AT5G62380	ANAC101	PWM1192	CisBP	M1313_1.01
AT5G62380	ANAC101	PWM3431	DAP-seq	VND6_col
AT5G62470	ATMYB96	PWM1121	CisBP	M1231_1.01
AT5G62470	ATMYB96	PWM3295	DAP-seq	MYB96_col
AT5G62610	AT5G62610	PWM827	CisBP	M0152_1.01
AT5G62940	At5g62940	PWM1396	CisBP	M0582_1.01
AT5G62940	At5g62940	PWM2582	JASPAR	MA0983.1
AT5G62940	At5g62940	PWM2982	DAP-seq	AT5G62940_col
AT5G63090	LOB	PWM3198	DAP-seq	LOB_col
AT5G63260	AT5G63260	PWM3065	DAP-seq	AT5G63260_col
AT5G64060	anac103	PWM3395	DAP-seq	ANAC103_col
AT5G64220	CAMTA2	PWM1479	CisBP	M0517_1.01
AT5G64220	CAMTA2	PWM2568	JASPAR	MA0969.1
AT5G64220	CAMTA2	PWM495	AthaMAP	
AT5G64750	ABR1	PWM1018	CisBP	M0010_1.01
AT5G64750	ABR1	PWM2731	DAP-seq	ABR1_col
AT5G64810	ATWRKY51	PWM1352	CisBP	M1572_1.01
AT5G65050	AGL31	PWM1182	CisBP	M2221_1.01
AT5G65060	AGL70	PWM1183	CisBP	M2221_1.01
AT5G65070	AGL69	PWM1184	CisBP	M2221_1.01
AT5G65080	AGL68	PWM1185	CisBP	M2221_1.01
AT5G65100	AT5G65100	PWM1005	CisBP	M0605_1.01
AT5G65130	At5g65130	PWM1016	CisBP	M0016_1.01
AT5G65130	At5g65130	PWM2774	DAP-seq	AT5G65130_col
AT5G65210	TGA1	PWM1248	CisBP	M0269_1.01
AT5G65210	TGA1	PWM1386	CisBP	M2251_1.01
AT5G65210	TGA1	PWM2187	JASPAR	MA0588.1
AT5G65210	TGA1	PWM2939	DAP-seq	TGA1_col
AT5G65210	TGA1	PWM498	AGRIS	
AT5G65310	ATHB5	PWM1430	CisBP	M2532_1.01
AT5G65310	ATHB5	PWM1719	JASPAR	MA0110.2
AT5G65310	ATHB5	PWM3138	DAP-seq	ATHB5_col
AT5G65310	ATHB5	PWM395	AGRIS	
AT5G65410	ATHB25	PWM3577	DAP-seq	ATHB25_col
AT5G65510	AIL7	PWM2733	DAP-seq	AIL7_col
AT5G65590	SCAP1	PWM1050	PBM	
AT5G65590	SCAP1	PWM1593	PBM	
AT5G65590	SCAP1	PWM2583	JASPAR	MA0984.1
AT5G65790	ATMYB68	PWM1055	CisBP	M2239_1.01
AT5G66300	ANAC105	PWM1193	CisBP	M1313_1.01
AT5G66300	ANAC105	PWM2714	UNIPROBE	UP00579
AT5G66300	ANAC105	PWM2715	UNIPROBE	UP00579
AT5G66300	ANAC105	PWM3427	DAP-seq	VND3_col
AT5G66320	GATA5	PWM991	CisBP	M0685_1.01
AT5G66700	ATHB53	PWM3136	DAP-seq	ATHB53_col
AT5G66730	At5g66730	PWM1456	CisBP	M1810_1.01
AT5G66730	At5g66730	PWM3035	DAP-seq	AT5G66730_col
AT5G66940	AT5G66940	PWM2983	DAP-seq	AT5G66940_col
AT5G67000	AT5G67000	PWM2776	DAP-seq	AT5G67000_col
AT5G67110	ALC	PWM1294	CisBP	M0161_1.01
AT5G67190	DEAR2	PWM2794	DAP-seq	DEAR2_col
AT5G67300	ATMYB44	PWM3255	DAP-seq	MYB44_col
AT5G67300	ATMYB44	PWM533	AthaMAP	T02559
AT5G67300	ATMYB44	PWM73	AthaMAP	T02559
AT5G67450	AZF1	PWM1425	CisBP	M0358_1.01
AT5G67580	ATTBP3	PWM1385	CisBP	M1248_1.01
AT5G67580	ATTBP3	PWM2668	JASPAR	MA1073.1
AT5G67580	ATTBP3	PWM3342	DAP-seq	TBP3_col
